ID,Set_name,Name,Armor_type,set_variant,rank,rarity,slot_1,slot_2,slot_3,defense,fire_res,water_res,thunder_res,ice_res,dragon_res,skill_1,skill_1_level,skill_2,skill_2_level,skill_3,skill_3_level,group_skill, set_bonus_skill
1,Alloy,Alloy_Vambraces,Arms,NA,Low_Rank,1,NA,NA,NA,6,-2,1,-2,-2,1,Tremor_Resistance,1,NA,NA,NA,NA,NA,NA
2,Alloy,Alloy_Coil,Waist,NA,Low_Rank,1,NA,NA,NA,6,-2,1,-2,-2,1,Tremor_Resistance,1,NA,NA,NA,NA,NA,NA
3,Alloy,Alloy_Greaves,Legs,NA,Low_Rank,1,NA,NA,NA,6,-2,1,-2,-2,1,Quick_Sheathe,1,NA,NA,NA,NA,NA,NA
4,Alloy,Alloy_Helm,Helm,NA,Low_Rank,1,NA,NA,NA,6,-2,1,-2,-2,1,Quick_Sheathe,1,NA,NA,NA,NA,NA,NA
5,Alloy,Alloy_Mail,Chest,NA,Low_Rank,1,NA,NA,NA,6,-2,1,-2,-2,1,Tremor_Resistance,1,NA,NA,NA,NA,NA,NA
6,Barina,Barina_Vambraces,Arms,NA,Low_Rank,1,NA,NA,NA,8,-3,3,0,0,3,Recovery_Up,1,NA,NA,NA,NA,Neopteron_Alert,NA
7,Barina,Barina_Coil,Waist,NA,Low_Rank,1,NA,NA,NA,8,-3,3,0,0,3,Recovery_Up,1,NA,NA,NA,NA,Neopteron_Alert,NA
8,Barina,Barina_Greaves,Legs,NA,Low_Rank,1,NA,NA,NA,8,-3,3,0,0,3,Recovery_Up,1,NA,NA,NA,NA,Neopteron_Alert,NA
9,Barina,Barina_Headgear,Helm,NA,Low_Rank,1,NA,NA,NA,8,-3,3,0,0,3,Paralysis_Resistance,1,NA,NA,NA,NA,Neopteron_Alert,NA
10,Barina,Barina_Mail,Chest,NA,Low_Rank,1,NA,NA,NA,8,-3,3,0,0,3,Paralysis_Resistance,1,NA,NA,NA,NA,Neopteron_Alert,NA
11,Bone,Bone_Vambraces,Arms,NA,Low_Rank,1,NA,NA,NA,4,2,0,2,0,2,Stun_Resistance,1,NA,NA,NA,NA,NA,NA
12,Bone,Bone_Coil,Waist,NA,Low_Rank,1,NA,NA,NA,4,2,0,2,0,2,Marathon_Runner,1,NA,NA,NA,NA,NA,NA
13,Bone,Bone_Greaves,Legs,NA,Low_Rank,1,NA,NA,NA,4,2,0,2,0,2,Stun_Resistance,1,NA,NA,NA,NA,NA,NA
14,Bone,Bone_Helm,Helm,NA,Low_Rank,1,NA,NA,NA,4,2,0,2,0,2,Marathon_Runner,1,NA,NA,NA,NA,NA,NA
15,Bone,Bone_Mail,Chest,NA,Low_Rank,1,NA,NA,NA,4,2,0,2,0,2,Marathon_Runner,1,NA,NA,NA,NA,NA,NA
16,Bulaqchi,Bulaqchi_Specs,Helm,NA,Low_Rank,1,NA,NA,NA,4,-4,1,1,-2,4,Entomologist,1,NA,NA,NA,NA,Neopteron_Alert,NA
17,Chainmail,Chainmail_Gloves,Arms,NA,Low_Rank,1,NA,NA,NA,2,0,2,0,0,0,Geologist,1,NA,NA,NA,NA,NA,NA
18,Chainmail,Chainmail_Belt,Waist,NA,Low_Rank,1,NA,NA,NA,2,0,2,0,0,0,Recovery_Speed,1,NA,NA,NA,NA,NA,NA
19,Chainmail,Chainmail_Pants,Legs,NA,Low_Rank,1,NA,NA,NA,2,0,2,0,0,0,Recovery_Speed,1,NA,NA,NA,NA,NA,NA
20,Chainmail,Chainmail_Headgear,Helm,NA,Low_Rank,1,NA,NA,NA,2,0,2,0,0,0,Geologist,1,NA,NA,NA,NA,NA,NA
21,Chainmail,Chainmail_Vest,Chest,NA,Low_Rank,1,NA,NA,NA,2,0,2,0,0,0,Geologist,1,NA,NA,NA,NA,NA,NA
22,Chatacabra,Chatacabra_Vambraces,Arms,,Low_Rank,1,NA,NA,NA,6,1,2,-3,-1,1,Item_Prolonger,1,NA,NA,NA,NA,Flexible_Leathercraft,NA
23,Chatacabra,Chatacabra_Coil,Waist,NA,Low_Rank,1,NA,NA,NA,6,1,2,-3,-1,1,Speed_Eating,1,NA,NA,NA,NA,Flexible_Leathercraft,NA
24,Chatacabra,Chatacabra_Greaves,Legs,NA,Low_Rank,1,NA,NA,NA,6,1,2,-3,-1,1,Item_Prolonger,1,NA,NA,NA,NA,Flexible_Leathercraft,NA
25,Chatacabra,Chatacabra_Helm,Helm,NA,Low_Rank,1,NA,NA,NA,6,1,2,-3,-1,1,Speed_Eating,1,NA,NA,NA,NA,Flexible_Leathercraft,NA
26,Chatacabra,Chatacabra_Mail,Chest,NA,Low_Rank,1,NA,NA,NA,6,1,2,-3,-1,1,Speed_Eating,1,NA,NA,NA,NA,Flexible_Leathercraft,NA
27,Gajau,Gajau_Boots,Legs,NA,Low_Rank,1,NA,NA,NA,4,0,5,0,0,0,Water_Resistance,1,NA,NA,NA,NA,Flexible_Leathercraft,NA
28,Hope,Hope_Vambraces,Arms,NA,Low_Rank,1,NA,NA,NA,2,1,0,1,0,0,Divine_Blessing,1,NA,NA,NA,NA,NA,NA
29,Hope,Hope_Coil,Waist,NA,Low_Rank,1,NA,NA,NA,2,1,0,1,0,0,Stun_Resistance,1,NA,NA,NA,NA,NA,NA
30,Hope,Hope_Greaves,Legs,NA,Low_Rank,1,NA,NA,NA,2,1,0,1,0,0,Divine_Blessing,1,NA,NA,NA,NA,NA,NA
31,Hope,Hope_Mask,Helm,NA,Low_Rank,1,NA,NA,NA,2,1,0,1,0,0,Stun_Resistance,1,NA,NA,NA,NA,NA,NA
32,Hope,Hope_Mail,Chest,NA,Low_Rank,1,NA,NA,NA,2,1,0,1,0,0,Divine_Blessing,1,NA,NA,NA,NA,NA,NA
33,Leather,Leather_Gloves,Arms,NA,Low_Rank,1,NA,NA,NA,2,2,0,0,0,0,Hunger_Resistance,1,NA,NA,NA,NA,NA,NA
34,Leather,Leather_Belt,Waist,NA,Low_Rank,1,NA,NA,NA,2,2,0,0,0,0,Botanist,1,NA,NA,NA,NA,NA,NA
35,Leather,Leather_Pants,Legs,NA,Low_Rank,1,NA,NA,NA,2,2,0,0,0,0,Botanist,1,NA,NA,NA,NA,NA,NA
36,Leather,Leather_Headgear,Helm,NA,Low_Rank,1,NA,NA,NA,2,2,0,0,0,0,Botanist,1,NA,NA,NA,NA,NA,NA
37,Leather,Leather_Vest,Chest,NA,Low_Rank,1,NA,NA,NA,2,2,0,0,0,0,Botanist,1,NA,NA,NA,NA,NA,NA
38,Piragill,Piragill_Greaves,Legs,NA,Low_Rank,1,NA,NA,NA,4,-3,4,-3,1,1,Water_Resistance,1,NA,NA,NA,NA,Flexible_Leathercraft,NA
39,Quematrice,Quematrice_Braces,Arms,NA,Low_Rank,1,NA,NA,NA,6,2,-3,0,-1,0,Flinch_Free,1,NA,NA,NA,NA,Scaling_Prowess,NA
40,Quematrice,Quematrice_Coil,Waist,NA,Low_Rank,1,NA,NA,NA,6,2,-3,0,-1,0,Fire_Resistance,1,NA,NA,NA,NA,Scaling_Prowess,NA
41,Quematrice,Quematrice_Greaves,Legs,NA,Low_Rank,1,NA,NA,NA,6,2,-3,0,-1,0,Flinch_Free,1,NA,NA,NA,NA,Scaling_Prowess,NA
42,Quematrice,Quematrice_Helm,Helm,NA,Low_Rank,1,NA,NA,NA,6,2,-3,0,-1,0,Flinch_Free,1,NA,NA,NA,NA,Scaling_Prowess,NA
43,Quematrice,Quematrice_Mail,Chest,NA,Low_Rank,1,NA,NA,NA,6,2,-3,0,-1,0,Fire_Resistance,1,NA,NA,NA,NA,Scaling_Prowess,NA
44,Talioth,Talioth_Vambraces,Arms,NA,Low_Rank,1,NA,NA,NA,4,4,-2,-2,-2,2,Leap_of_Faith,1,NA,NA,NA,NA,Flexible_Leathercraft,NA
45,Vespoid,Vespoid_Vambraces,Arms,NA,Low_Rank,1,NA,NA,NA,4,-2,1,1,1,2,Paralysis_Resistance,1,NA,NA,NA,NA,Neopteron_Alert,NA
46,Vespoid,Vespoid_Coil,Waist,NA,Low_Rank,1,NA,NA,NA,4,-2,1,1,1,2,Paralysis_Resistance,1,NA,NA,NA,NA,Neopteron_Alert,NA
47,Vespoid,Vespoid_Greaves,Legs,NA,Low_Rank,1,NA,NA,NA,4,-2,1,1,1,2,Survival_Expert,1,NA,NA,NA,NA,Neopteron_Alert,NA
48,Vespoid,Vespoid_Helm,Helm,NA,Low_Rank,1,NA,NA,NA,4,-2,1,1,1,2,Survival_Expert,1,NA,NA,NA,NA,Neopteron_Alert,NA
49,Vespoid,Vespoid_Mail,Chest,NA,Low_Rank,1,NA,NA,NA,4,-2,1,1,1,2,Survival_Expert,1,NA,NA,NA,NA,Neopteron_Alert,NA
50,Balahara,Balahara_Vambraces,Arms,NA,Low_Rank,2,NA,NA,NA,12,-1,2,-3,1,1,Evade_Extender,1,NA,NA,NA,NA,Scaling_Prowess,NA
51,Balahara,Balahara_Coil,Waist,NA,Low_Rank,2,NA,NA,NA,12,-1,2,-3,1,1,Evade_Extender,1,NA,NA,NA,NA,Scaling_Prowess,NA
52,Balahara,Balahara_Greaves,Legs,NA,Low_Rank,2,NA,NA,NA,12,-1,2,-3,1,1,Evade_Extender,1,NA,NA,NA,NA,Scaling_Prowess,NA
53,Balahara,Balahara_Helm,Helm,NA,Low_Rank,2,NA,NA,NA,12,-1,2,-3,1,1,Hunger_Resistance,1,NA,NA,NA,NA,Scaling_Prowess,NA
54,Balahara,Balahara_Mail,Chest,NA,Low_Rank,2,NA,NA,NA,12,-1,2,-3,1,1,Quick_Sheathe,1,NA,NA,NA,NA,Scaling_Prowess,NA
55,Conga,Conga_Vambraces,Arms,NA,Low_Rank,2,NA,NA,NA,8,-3,1,1,-1,2,Stench_Resistance,1,NA,NA,NA,NA,Fortifying_Pelt,NA
56,Conga,Conga_Coil,Waist,NA,Low_Rank,2,NA,NA,NA,8,-3,1,1,-1,2,Stench_Resistance,1,NA,NA,NA,NA,Fortifying_Pelt,NA
57,Conga,Conga_Greaves,Legs,NA,Low_Rank,2,NA,NA,NA,8,-3,1,1,-1,2,Mushroomancer,1,NA,NA,NA,NA,Fortifying_Pelt,NA
58,Conga,Conga_Helm,Helm,NA,Low_Rank,2,NA,NA,NA,8,-3,1,1,-1,2,Mushroomancer,1,NA,NA,NA,NA,Fortifying_Pelt,NA
59,Conga,Conga_Mail,Chest,NA,Low_Rank,2,NA,NA,NA,8,-3,1,1,-1,2,Mushroomancer,1,NA,NA,NA,NA,Fortifying_Pelt,NA
60,Doshaguma,Doshaguma_Braces,Arms,NA,Low_Rank,2,NA,NA,NA,16,-3,2,-1,-1,4,Recovery_Speed,1,NA,NA,NA,NA,Fortifying_Pelt,Doshaguma's_Might
61,Doshaguma,Doshaguma_Coil,Waist,NA,Low_Rank,2,NA,NA,NA,16,-3,2,-1,-1,4,Item_Prolonger,1,NA,NA,NA,NA,Fortifying_Pelt,Doshaguma's_Might
62,Doshaguma,Doshaguma_Greaves,Legs,NA,Low_Rank,2,NA,NA,NA,16,-3,2,-1,-1,4,Free_Meal,1,NA,NA,NA,NA,Fortifying_Pelt,Doshaguma's_Might
63,Doshaguma,Doshaguma_Helm,Helm,NA,Low_Rank,2,NA,NA,NA,16,-3,2,-1,-1,4,Free_Meal,1,NA,NA,NA,NA,Fortifying_Pelt,Doshaguma's_Might
64,Doshaguma,Doshaguma_Mail,Chest,NA,Low_Rank,2,NA,NA,NA,16,-3,2,-1,-1,4,Free_Meal,1,NA,NA,NA,NA,Fortifying_Pelt,Doshaguma's_Might
65,Ajarakan,Ajarakan_Vambraces,Arms,NA,Low_Rank,3,NA,NA,NA,24,3,-3,1,-2,0,Bombardier,1,Cliffhanger,1,NA,NA,Fortifying_Pelt,NA
66,Ajarakan,Ajarakan_Coil,Waist,NA,Low_Rank,3,NA,NA,NA,24,3,-3,1,-2,0,Blast_Resistance,1,Bombardier,1,NA,NA,Fortifying_Pelt,NA
67,Ajarakan,Ajarakan_Greaves,Legs,NA,Low_Rank,3,NA,NA,NA,24,3,-3,1,-2,0,Blast_Resistance,1,Partbreaker,1,NA,NA,Fortifying_Pelt,NA
68,Ajarakan,Ajarakan_Helm,Helm,NA,Low_Rank,3,NA,NA,NA,24,3,-3,1,-2,0,Partbreaker,1,Bombardier,1,NA,NA,Fortifying_Pelt,NA
69,Ajarakan,Ajarakan_Mail,Chest,NA,Low_Rank,3,NA,NA,NA,24,3,-3,1,-2,0,Partbreaker,1,NA,NA,NA,NA,Fortifying_Pelt,NA
70,Comaqchi,Comaqchi_Accessory,Helm,NA,Low_Rank,3,NA,NA,NA,16,-5,0,0,3,3,Sleep_Resistance,1,NA,NA,NA,NA,Neopteron_Alert,NA
71,Hirabami,Hirabami_Vambraces,Arms,NA,Low_Rank,3,NA,NA,NA,22,-3,2,-2,3,0,Evade_Window,1,Ice_Resistance,1,NA,NA,Scaling_Prowess,NA
72,Hirabami,Hirabami_Coil,Waist,NA,Low_Rank,3,NA,NA,NA,22,-3,2,-2,3,0,Evade_Window,1,Ice_Resistance,1,NA,NA,Scaling_Prowess,NA
73,Hirabami,Hirabami_Greaves,Legs,NA,Low_Rank,3,NA,NA,NA,22,-3,2,-2,3,0,Evade_Window,1,Ice_Resistance,1,NA,NA,Scaling_Prowess,NA
74,Hirabami,Hirabami_Headdress,Helm,NA,Low_Rank,3,NA,NA,NA,22,-3,2,-2,3,0,Evade_Window,1,Recovery_Speed,1,NA,NA,Scaling_Prowess,NA
75,Hirabami,Hirabami_Mail,Chest,NA,Low_Rank,3,NA,NA,NA,22,-3,2,-2,3,0,Evade_Window,1,Recovery_Speed,1,NA,NA,Scaling_Prowess,NA
76,Ingot,Ingot_Vambraces,Arms,NA,Low_Rank,3,NA,NA,NA,16,-2,0,3,-1,0,Stun_Resistance,1,NA,NA,NA,NA,NA,NA
77,Ingot,Ingot_Coil,Waist,NA,Low_Rank,3,NA,NA,NA,16,-2,0,3,-1,0,Divine_Blessing,1,NA,NA,NA,NA,NA,NA
78,Ingot,Ingot_Greaves,Legs,NA,Low_Rank,3,NA,NA,NA,16,-2,0,3,-1,0,Windproof,1,NA,NA,NA,NA,NA,NA
79,Ingot,Ingot_Helm,Helm,NA,Low_Rank,3,NA,NA,NA,16,-2,0,3,-1,0,Divine_Blessing,1,NA,NA,NA,NA,NA,NA
80,Ingot,Ingot_Mail,Chest,NA,Low_Rank,3,NA,NA,NA,16,-2,0,3,-1,0,Windproof,1,NA,NA,NA,NA,NA,NA
81,Kranodath,Kranodath_Mail,Chest,NA,Low_Rank,3,NA,NA,NA,16,4,-2,0,-2,0,Flinch_Free,2,NA,NA,NA,NA,Scaling_Prowess,NA
82,Nerscylla,Nerscylla_Vambraces,Arms,NA,Low_Rank,3,NA,NA,NA,20,-2,2,-2,1,2,Ambush,1,NA,NA,NA,NA,Neopteron_Alert,NA
83,Nerscylla,Nerscylla_Coil,Waist,NA,Low_Rank,3,NA,NA,NA,20,-2,2,-2,1,2,Sleep_Resistance,1,Bind_Resistance,1,NA,NA,Neopteron_Alert,NA
84,Nerscylla,Nerscylla_Greaves,Legs,NA,Low_Rank,3,NA,NA,NA,20,-2,2,-2,1,2,Ambush,1,NA,NA,NA,NA,Neopteron_Alert,NA
85,Nerscylla,Nerscylla_Helm,Helm,NA4,Low_Rank,3,NA,NA,NA,20,-2,2,-2,1,2,Ambush,1,NA,NA,NA,NA,Neopteron_Alert,NA
86,Nerscylla,Nerscylla_Mail,Chest,NA,Low_Rank,3,NA,NA,NA,20,-2,2,-2,1,2,Poison_Resistance,1,Bind_Resistance,1,NA,NA,Neopteron_Alert,NA
87,Rompopolo,Rompopolo_Vambraces,Arms,NA,Low_Rank,3,NA,NA,NA,18,0,-3,0,0,1,Wide-Range,1,Poison_Resistance,1,NA,NA,Flexible_Leathercraft,NA
88,Rompopolo,Rompopolo_Coil,Waist,NA,Low_Rank,3,NA,NA,NA,18,0,-3,0,0,1,Wide-Range,1,Poison_Resistance,1,NA,NA,Flexible_Leathercraft,NA
89,Rompopolo,Rompopolo_Greaves,Legs,NA,Low_Rank,3,NA,NA,NA,18,0,-3,0,0,1,Wide-Range,1,NA,NA,NA,NA,Flexible_Leathercraft,NA
90,Rompopolo,Rompopolo_Helm,Helm,NA,Low_Rank,3,NA,NA,NA,18,0,-3,0,0,1,Wide-Range,1,NA,NA,NA,NA,Flexible_Leathercraft,NA
91,Rompopolo,Rompopolo_Mail,Chest,NA,Low_Rank,3,NA,NA,NA,18,0,-3,0,0,1,Wide-Range,1,NA,NA,NA,NA,Flexible_Leathercraft,NA
92,Duna,Duna_Vambraces,Arms,NA,Low_Rank,4,1,NA,NA,26,-1,4,-3,0,0,Tool_Specialist,1,NA,NA,NA,NA,Lord's_Favor,Uth_Duna's_Cover
93,Duna,Duna_Coil,Waist,NA,Low_Rank,4,NA,NA,NA,26,-1,4,-3,0,0,Tool_Specialist,1,Aquatic-Oilsilt_Mobility,1,NA,NA,Lord's_Favor,Uth_Duna's_Cover
94,Duna,Duna_Greaves,Legs,NA,Low_Rank,4,NA,NA,NA,26,-1,4,-3,0,0,Peak_Performance,1,NA,NA,NA,NA,Lord's_Favor,Uth_Duna's_Cover
95,Duna,Duna_Helm,Helm,NA,Low_Rank,4,NA,NA,NA,26,-1,4,-3,0,0,Peak_Performance,1,Tool_Specialist,1,NA,NA,Lord's_Favor,Uth_Duna's_Cover
96,Duna,Duna_Mail,Chest,NA,Low_Rank,4,1,NA,NA,26,-1,4,-3,0,0,Peak_Performance,1,NA,NA,NA,NA,Lord's_Favor,Uth_Duna's_Cover
97,G_Arkveld,G_Arkveld_Vambraces,Arms,NA,Low_Rank,4,1,NA,NA,30,2,0,-1,0,-4,Flayer,1,NA,NA,NA,NA,Guardian's_Pulse,Guardian_Arkveld's_Vitality
98,G_Arkveld,G_Arkveld_Coil,Waist,NA,Low_Rank,4,1,1,NA,30,2,0,-1,0,-4,Blight_Resistance,1,NA,NA,NA,NA,Guardian's_Pulse,Guardian_Arkveld's_Vitality
99,G_Arkveld,G_Arkveld_Greaves,Legs,NA,Low_Rank,4,1,NA,NA,30,2,0,-1,0,-4,Blight_Resistance,1,NA,NA,NA,NA,Guardian's_Pulse,Guardian_Arkveld's_Vitality
100,G_Arkveld,G_Arkveld_Helm,Helm,NA,Low_Rank,4,1,NA,NA,30,2,0,-1,0,-4,Flayer,1,NA,NA,NA,NA,Guardian's_Pulse,Guardian_Arkveld's_Vitality
101,G_Arkveld,G_Arkveld_Mail,Chest,NA,Low_Rank,4,NA,NA,NA,30,2,0,-1,0,-4,Flayer,1,Blight_Resistance,1,NA,NA,Guardian's_Pulse,Guardian_Arkveld's_Vitality
102,G_Doshaguma,G_Doshaguma_Braces,Arms,NA,Low_Rank,4,1,NA,NA,26,-3,2,-1,-2,2,Marathon_Runner,1,NA,NA,NA,NA,Guardian's_Pulse,Doshaguma's_Might
103,G_Doshaguma,G_Doshaguma_Coil,Waist,NA,Low_Rank,4,NA,NA,NA,26,-3,2,-1,-2,2,Heroics,1,Marathon_Runner,1,NA,NA,Guardian's_Pulse,Doshaguma's_Might
104,G_Doshaguma,G_Doshaguma_Greaves,Legs,NA,Low_Rank,4,NA,NA,NA,26,-3,2,-1,-2,2,Iron_Skin,1,Marathon_Runner,1,NA,NA,Guardian's_Pulse,Doshaguma's_Might
105,G_Doshaguma,G_Doshaguma_Helm,Helm,NA,Low_Rank,4,1,NA,NA,26,-3,2,-1,-2,2,Heroics,1,NA,NA,NA,NA,Guardian's_Pulse,Doshaguma's_Might
106,G_Doshaguma,G_Doshaguma_Mail,Chest,NA,Low_Rank,4,NA,NA,NA,26,-3,2,-1,-2,2,Heroics,1,Iron_Skin,1,NA,NA,Guardian's_Pulse,Doshaguma's_Might
107,G_Ebony,G_Ebony_Braces,Arms,NA,Low_Rank,4,1,NA,NA,26,-2,-3,-2,-2,4,Burst,1,NA,NA,NA,NA,Guardian's_Pulse,Ebony_Odogaron's_Power
108,G_Ebony,G_Ebony_Coil,Waist,NA,Low_Rank,4,NA,NA,NA,26,-2,-3,-2,-2,4,Burst,1,Bleeding_Resistance,1,NA,NA,Guardian's_Pulse,Ebony_Odogaron's_Power
109,G_Ebony,G_Ebony_Greaves,Legs,NA,Low_Rank,4,1,NA,NA,26,-2,-3,-2,-2,4,Bleeding_Resistance,1,NA,NA,NA,NA,Guardian's_Pulse,Ebony_Odogaron's_Power
110,G_Ebony,G_Ebony_Helm,Helm,NA,Low_Rank,4,1,NA,NA,26,-2,-3,-2,-2,4,Burst,1,NA,NA,NA,NA,Guardian's_Pulse,Ebony_Odogaron's_Power
111,G_Ebony,G_Ebony_Mail,Chest,NA,Low_Rank,4,1,NA,NA,26,-2,-3,-2,-2,4,Bleeding_Resistance,1,NA,NA,NA,NA,Guardian's_Pulse,Ebony_Odogaron's_Power
112,G_Rathalos,G_Rathalos_Vambraces,Arms,NA,Low_Rank,4,1,NA,NA,26,3,1,-2,1,-5,Weakness_Exploit,1,NA,NA,NA,NA,Guardian's_Pulse,Rathalos's_Flare
113,G_Rathalos,G_Rathalos_Coil,Waist,NA,Low_Rank,4,1,NA,NA,26,3,1,-2,1,-5,Intimidator,1,NA,NA,NA,NA,Guardian's_Pulse,Rathalos's_Flare
114,G_Rathalos,G_Rathalos_Greaves,Legs,NA,Low_Rank,4,1,NA,NA,26,3,1,-2,1,-5,Weakness_Exploit,1,NA,NA,NA,NA,Guardian's_Pulse,Rathalos's_Flare
115,G_Rathalos,G_Rathalos_Helm,Helm,NA,Low_Rank,4,NA,NA,NA,26,3,1,-2,1,-5,Weakness_Exploit,1,Intimidator,1,NA,NA,Guardian's_Pulse,Rathalos's_Flare
116,G_Rathalos,G_Rathalos_Mail,Chest,NA,Low_Rank,4,1,NA,NA,26,3,1,-2,1,-5,Intimidator,1,NA,NA,NA,NA,Guardian's_Pulse,Rathalos's_Flare
117,G_Seikret,G_Seikret_Coil,Waist,NA,Low_Rank,4,1,NA,NA,22,0,0,4,0,-3,Jump_Master,1,NA,NA,NA,NA,Guardian's_Pulse,NA
118,Rey_Rey_Sandbraces,Arms,NA,Low_Rank,4,1,NA,NA,26,0,-2,4,-3,0,Latent_Power,1,NA,NA,NA,NA,Lord's_Favor,Rey_Dau's_Voltage,
119,Rey,Rey_Sandcoil,Waist,NA,Low_Rank,4,1,NA,NA,26,0,-2,4,-3,0,Constitution,1,NA,NA,NA,NA,Lord's_Favor,Rey_Dau's_Voltage
120,Rey,Rey_Sandgreaves,Legs,NA,Low_Rank,4,NA,NA,NA,26,0,-2,4,-3,0,Constitution,1,Latent_Power,1,NA,NA,Lord's_Favor,Rey_Dau's_Voltage
121,Rey,Rey_Sandhelm,Helm,NA,Low_Rank,4,NA,NA,NA,26,0,-2,4,-3,0,Latent_Power,1,NA,NA,NA,NA,Lord's_Favor,Rey_Dau's_Voltage
122,Rey,Rey_Sandmail,Chest,NA,Low_Rank,4,NA,NA,NA,26,0,-2,4,-3,0,Constitution,1,NA,NA,NA,NA,Lord's_Favor,Rey_Dau's_Voltage
123,Udra,Udra_Mirebraces,Arms,NA,Low_Rank,4,1,NA,NA,26,5,-4,0,1,0,Speed_Eating,1,NA,NA,NA,NA,Lord's_Favor,Nu_Udra's_Mutiny
124,Udra,Udra_Mirecoil,Waist,NA,Low_Rank,4,1,NA,NA,26,5,-4,0,1,0,Resentment,1,NA,NA,NA,NA,Lord's_Favor,Nu_Udra's_Mutiny
125,Udra,Udra_Miregreaves,Legs,NA,Low_Rank,4,1,NA,NA,26,5,-4,0,1,0,Speed_Eating,1,NA,NA,NA,NA,Lord's_Favor,Nu_Udra's_Mutiny
126,Udra,Udra_Mirehelm,Helm,NA,Low_Rank,4,1,NA,NA,26,5,-4,0,1,0,Resentment,1,NA,NA,NA,NA,Lord's_Favor,Nu_Udra's_Mutiny
127,Udra,Udra_Miremail,Chest,NA,Low_Rank,4,NA,NA,NA,26,5,-4,0,1,0,Resentment,1,Speed_Eating,1,NA,NA,Lord's_Favor,Nu_Udra's_Mutiny
128,Xu_Wu,Xu_Wu_Vambraces,Arms,NA,Low_Rank,4,1,NA,NA,26,1,1,1,-3,2,Maximum_Might,1,NA,NA,NA,NA,Flexible_Leathercraft,NA
129,Xu_Wu,Xu_Wu_Coil,Waist,NA,Low_Rank,4,NA,NA,NA,26,1,1,1,-3,2,Maximum_Might,1,Stamina_Surge,1,NA,NA,Flexible_Leathercraft,NA
130,Xu_Wu,Xu_Wu_Greaves,Legs,NA,Low_Rank,4,1,NA,NA,26,1,1,1,-3,2,Stamina_Surge,1,NA,NA,NA,NA,Flexible_Leathercraft,NA
131,Xu_Wu,Xu_Wu_Helm,Helm,NA,Low_Rank,4,1,NA,NA,26,1,1,1,-3,2,Maximum_Might,1,NA,NA,NA,NA,Flexible_Leathercraft,NA
132,Xu_Wu,Xu_Wu_Mail,Chest,NA,Low_Rank,4,1,NA,NA,26,1,1,1,-3,2,Stamina_Surge,1,NA,NA,NA,NA,Flexible_Leathercraft,NA
133,Afi,Afi_Crown_Alpha,Helm,Alpha,High_Rank,5,2,NA,NA,36,2,-3,2,2,2,Bombardier,2,Fire_Resistance,2,NA,NA,Festival_Spirit,Flamefete_Prayer
134,Afi,Afi_Top_Alpha,Chest,Alpha,High_Rank,5,2,NA,NA,36,2,-3,2,2,2,Burst,1,Heroics,1,NA,NA,Festival_Spirit,Flamefete_Prayer
135,Afi,Afi_Armguards_Alpha,Arms,Alpha,High_Rank,5,1,NA,NA,36,2,-3,2,2,2,Burst,2,NA,NA,NA,NA,Festival_Spirit,Flamefete_Prayer
136,Afi,Afi_Wrap_Alpha,Waist,Alpha,High_Rank,5,NA,NA,NA,36,2,-3,2,2,2,Blast_Resistance,2,Burst,1,Fire_Resistance,1,Festival_Spirit,Flamefete_Prayer
137,Afi,Afi_Sandals_Alpha,Legs,Alpha,High_Rank,5,1,1,NA,36,2,-3,2,2,2,Burst,1,Bombardier,1,Blast_Resistance,1,Festival_Spirit,Flamefete_Prayer
138,Alloy,Alloy_Helm_Alpha,Helm,Alpha,High_Rank,5,1,1,NA,32,-2,1,-2,-2,1,Quick_Sheathe,1,NA,NA,NA,NA,NA,NA
139,Alloy,Alloy_Mail_Alpha,Chest,Alpha,High_Rank,5,1,NA,NA,32,-2,1,-2,-2,1,Flinch_Free,2,NA,NA,NA,NA,NA,NA
140,Alloy,Alloy_Vambraces_Alpha,Arms,Alpha,High_Rank,5,1,1,NA,32,-2,1,-2,-2,1,Tremor_Resistance,1,NA,NA,NA,NA,NA,NA
141,Alloy,Alloy_Coil_Alpha,Waist,Alpha,High_Rank,5,1,NA,NA,32,-2,1,-2,-2,1,Quick_Sheathe,1,Tremor_Resistance,1,NA,NA,NA,NA
142,Alloy,Alloy_Greaves_Alpha,Legs,Alpha,High_Rank,5,1,NA,NA,32,-2,1,-2,-2,1,Quick_Sheathe,1,Flinch_Free,1,NA,NA,NA,NA
143,Balahara,Balahara_Helm_Alpha,Helm,Alpha,High_Rank,5,1,NA,NA,38,-1,2,-3,1,1,Evade_Window,1,Geologist,1,NA,NA,Scaling_Prowess,NA
144,Balahara,Balahara_Mail_Alpha,Chest,Alpha,High_Rank,5,1,NA,NA,38,-1,2,-3,1,1,Stamina_Surge,1,Geologist,1,NA,NA,Scaling_Prowess,NA
145,Balahara,Balahara_Vambraces_Alpha,Arms,Alpha,High_Rank,5,NA,NA,NA,38,-1,2,-3,1,1,Stamina_Surge,1,Evade_Extender,1,NA,NA,Scaling_Prowess,NA
146,Balahara,Balahara_Coil_Alpha,Waist,Alpha,High_Rank,5,NA,NA,NA,38,-1,2,-3,1,1,Evade_Window,1,Evade_Extender,1,NA,NA,Scaling_Prowess,NA
147,Balahara,Balahara_Greaves_Alpha,Legs,Alpha,High_Rank,5,1,1,NA,38,-1,2,-3,1,1,Evade_Extender,1,Geologist,1,NA,NA,Scaling_Prowess,NA
148,Balahara,Balahara_Helm_Beta,Helm,Beta,High_Rank,5,2,NA,NA,38,-1,2,-3,1,1,Evade_Window,1,NA,NA,NA,NA,Scale_Layering,NA
149,Balahara,Balahara_Mail_Beta,Chest,Beta,High_Rank,5,1,1,1,38,-1,2,-3,1,1,Geologist,1,NA,NA,NA,NA,Scale_Layering,NA
150,Balahara,Balahara_Vambraces_Beta,Arms,Beta,High_Rank,5,2,NA,NA,38,-1,2,-3,1,1,Evade_Extender,1,NA,NA,NA,NA,Scale_Layering,NA
151,Balahara,Balahara_Coil_Beta,Waist,Beta,High_Rank,5,1,1,NA,38,-1,2,-3,1,1,Evade_Window,1,NA,NA,NA,NA,Scale_Layering,NA
152,Balahara,Balahara_Greaves_Beta,Legs,Beta,High_Rank,5,1,1,1,38,-1,2,-3,1,1,Evade_Extender,1,NA,NA,NA,NA,Scale_Layering,NA
153,Barina,Barina_Headgear_Alpha,Helm,Alpha,High_Rank,5,NA,NA,NA,36,-3,3,0,0,3,Foray,1,Paralysis_Resistance,1,NA,NA,Neopteron_Alert,NA
154,Barina,Barina_Mail_Alpha,Chest,Alpha,High_Rank,5,NA,NA,NA,36,-3,3,0,0,3,Recovery_Up,2,Evade_Window,1,NA,NA,Neopteron_Alert,NA
155,Barina,Barina_Vambraces_Alpha,Arms,Alpha,High_Rank,5,NA,NA,NA,36,-3,3,0,0,3,Foray,1,Recovery_Up,1,NA,NA,Neopteron_Alert,NA
156,Barina,Barina_Coil_Alpha,Waist,Alpha,High_Rank,5,2,NA,NA,36,-3,3,0,0,3,Paralysis_Resistance,2,NA,NA,NA,NA,Neopteron_Alert,NA
157,Barina,Barina_Greaves_Alpha,Legs,Alpha,High_Rank,5,NA,NA,NA,36,-3,3,0,0,3,Foray,1,Evade_Window,1,NA,NA,Neopteron_Alert,NA
158,Barina,Barina_Headgear_Beta,Helm,Beta,High_Rank,5,1,NA,NA,36,-3,3,0,0,3,Foray,1,NA,NA,NA,NA,Neopteron_Camouflage,NA
159,Barina,Barina_Mail_Beta,Chest,Beta,High_Rank,5,1,NA,NA,36,-3,3,0,0,3,Evade_Window,1,Recovery_Up,1,NA,NA,Neopteron_Camouflage,NA
160,Barina,Barina_Vambraces_Beta,Arms,Beta,High_Rank,5,2,1,NA,36,-3,3,0,0,3,Recovery_Up,1,NA,NA,NA,NA,Neopteron_Camouflage,NA
161,Barina,Barina_Coil_Beta,Waist,Beta,High_Rank,5,2,1,NA,36,-3,3,0,0,3,Paralysis_Resistance,1,NA,NA,NA,NA,Neopteron_Camouflage,NA
162,Barina,Barina_Greaves_Beta,Legs,Beta,High_Rank,5,1,1,1,36,-3,3,0,0,3,Evade_Window,1,NA,NA,NA,NA,Neopteron_Camouflage,NA
163,Blossom,Blossom_Headgear_Alpha,Helm,Alpha,High_Rank,5,2,1,NA,36,1,1,4,1,1,Paralysis_Resistance,2,NA,NA,NA,NA,Festival_Spirit,NA
164,Blossom,Blossom_Vest_Alpha,Chest,Alpha,High_Rank,5,2,1,1,36,1,1,4,1,1,Paralysis_Resistance,1,NA,NA,NA,NA,Festival_Spirit,NA
165,Blossom,Blossom_Cuffs_Alpha,Arms,Alpha,High_Rank,5,1,1,1,36,1,1,4,1,1,Poison_Resistance,2,NA,NA,NA,NA,Festival_Spirit,NA
166,Blossom,Blossom_Coat_Alpha,Waist,Alpha,High_Rank,5,2,2,NA,36,1,1,4,1,1,Recovery_Speed,1,Entomologist,1,NA,NA,Festival_Spirit,NA
167,Blossom,Blossom_Boots_Alpha,Legs,Alpha,High_Rank,5,1,1,NA,36,1,1,4,1,1,Poison_Resistance,1,Recovery_Speed,2,NA,NA,Festival_Spirit,NA
168,Bone,Bone_Helm_Alpha,Helm,Alpha,High_Rank,5,1,NA,NA,32,2,0,2,0,2,Stun_Resistance,1,Speed_Eating,1,NA,NA,NA,NA
169,Bone,Bone_Mail_Alpha,Chest,Alpha,High_Rank,5,1,NA,NA,32,2,0,2,0,2,Stun_Resistance,1,Marathon_Runner,1,NA,NA,NA,NA
170,Bone,Bone_Vambraces_Alpha,Arms,Alpha,High_Rank,5,1,NA,NA,32,2,0,2,0,2,Marathon_Runner,1,Speed_Eating,1,NA,NA,NA,NA
171,Bone,Bone_Coil_Alpha,Waist,Alpha,High_Rank,5,1,1,NA,32,2,0,2,0,2,Marathon_Runner,1,NA,NA,NA,NA,NA,NA
172,Bone,Bone_Greaves_Alpha,Legs,Alpha,High_Rank,5,1,1,NA,32,2,0,2,0,2,Stun_Resistance,1,NA,NA,NA,NA,NA,NA
173,Bulaqchi,Bulaqchi_Specs_Alpha,Helm,Alpha,High_Rank,5,NA,NA,NA,32,-4,1,1,-2,4,Weakness_Exploit,1,Entomologist,1,NA,NA,Neopteron_Alert,NA
174,Bulaqchi,Bulaqchi_Specs_Beta,Helm,Beta,High_Rank,5,2,1,NA,32,-4,1,1,-2,4,Entomologist,1,NA,NA,NA,NA,Neopteron_Camouflage,NA
175,Chainmail,Chainmail_Headgear_Alpha,Helm,Alpha,High_Rank,5,1,1,NA,26,0,2,0,0,0,Geologist,1,NA,NA,NA,NA,NA,NA
176,Chainmail,Chainmail_Armor_Alpha,Chest,Alpha,High_Rank,5,1,NA,NA,26,0,2,0,0,0,Ice_Resistance,1,Geologist,1,NA,NA,NA,NA
177,Chainmail,Chainmail_Gloves_Alpha,Arms,Alpha,High_Rank,5,1,NA,NA,26,0,2,0,0,0,Recovery_Speed,1,Geologist,1,NA,NA,NA,NA
178,Chainmail,Chainmail_Belt_Alpha,Waist,Alpha,High_Rank,5,1,NA,NA,26,0,2,0,0,0,Ice_Resistance,1,Recovery_Speed,1,NA,NA,NA,NA
179,Chainmail,Chainmail_Pants_Alpha,Legs,Alpha,High_Rank,5,1,1,NA,26,0,2,0,0,0,Recovery_Speed,1,NA,NA,NA,NA,NA,NA
180,Chatacabra,Chatacabra_Helm_Alpha,Helm,Alpha,High_Rank,5,1,NA,NA,36,1,2,-3,-1,1,Wide-Range,1,Speed_Eating,1,NA,NA,Flexible_Leathercraft,NA
181,Chatacabra,Chatacabra_Mail_Alpha,Chest,Alpha,High_Rank,5,NA,NA,NA,36,1,2,-3,-1,1,Weakness_Exploit,1,Speed_Eating,1,NA,NA,Flexible_Leathercraft,NA
182,Chatacabra,Chatacabra_Vambraces_Alpha,Arms,Alpha,High_Rank,5,1,NA,NA,36,1,2,-3,-1,1,Wide-Range,1,Item_Prolonger,1,NA,NA,Flexible_Leathercraft,NA
183,Chatacabra,Chatacabra_Coil_Alpha,Waist,Alpha,High_Rank,5,1,NA,NA,36,1,2,-3,-1,1,Speed_Eating,1,Item_Prolonger,1,NA,NA,Flexible_Leathercraft,NA
184,Chatacabra,Chatacabra_Greaves_Alpha,Legs,Alpha,High_Rank,5,NA,NA,NA,36,1,2,-3,-1,1,Weakness_Exploit,1,Item_Prolonger,1,NA,NA,Flexible_Leathercraft,NA
185,Chatacabra,Chatacabra_Helm_Beta,Helm,Beta,High_Rank,5,2,NA,NA,36,1,2,-3,-1,1,Speed_Eating,1,NA,NA,NA,NA,Buttery_Leathercraft,NA
186,Chatacabra,Chatacabra_Mail_Beta,Chest,Beta,High_Rank,5,1,1,1,36,1,2,-3,-1,1,Speed_Eating,1,NA,NA,NA,NA,Buttery_Leathercraft,NA
187,Chatacabra,Chatacabra_Vambraces_Beta,Arms,Beta,High_Rank,5,2,NA,NA,36,1,2,-3,-1,1,Item_Prolonger,1,NA,NA,NA,NA,Buttery_Leathercraft,NA
188,Chatacabra,Chatacabra_Coil_Beta,Waist,Beta,High_Rank,5,1,1,NA,36,1,2,-3,-1,1,Speed_Eating,1,NA,NA,NA,NA,Buttery_Leathercraft,NA
189,Chatacabra,Chatacabra_Greaves_Beta,Legs,Beta,High_Rank,5,1,NA,NA,36,1,2,-3,-1,1,Weakness_Exploit,1,NA,NA,NA,NA,Buttery_Leathercraft,NA
190,Clerk,Clerk_Visor_Alpha,Helm,Alpha,High_Rank,5,2,1,NA,48,2,2,2,2,2,Divine_Blessing,2,Recovery_Up,1,Palico_Rally,2,Glory's_Favor,NA
191,Clerk,Clerk_Suit_Alpha,Chest,Alpha,High_Rank,5,2,1,NA,48,2,2,2,2,2,Divine_Blessing,1,Survival_Expert,2,NA,NA,NA,NA
192,Clerk,Clerk_Vambraces_Alpha,Arms,Alpha,High_Rank,5,2,1,NA,48,2,2,2,2,2,Survival_Expert,1,Tool_Specialist,2,Palico_Rally,1,Glory's_Favor,NA
193,Clerk,Clerk_Belt_Alpha,Waist,Alpha,High_Rank,5,1,NA,NA,48,2,2,2,2,2,Recovery_Up,2,Tool_Specialist,2,NA,NA,Glory's_Favor,NA
194,Clerk,Clerk_Shoes_Alpha,Legs,Alpha,High_Rank,5,2,2,NA,2,2,2,2,2,2,Tool_Specialist,1,Palico_Rally,2,NA,NA,Glory's_Favor,NA
195,Comaqchi,Comaqchi_Accessory_Alpha,Helm,Alpha,High_Rank,5,NA,NA,NA,32,-5,0,0,3,3,Sleep_Resistance,2,Foray,1,NA,NA,Neopteron_Alert,NA
196,Comaqchi,Comaqchi_Accessory_Beta,Helm,Beta,High_Rank,5,2,1,NA,32,-5,0,0,3,3,Sleep_Resistance,2,NA,NA,NA,NA,Neopteron_Camouflage,NA
197,Conga,Conga_Helm_Alpha,Helm,Alpha,High_Rank,5,1,NA,NA,36,-3,1,1,-1,2,Intimidator,1,Free_Meal,1,NA,NA,Fortifying_Pelt,NA
198,Conga,Conga_Mail_Alpha,Chest,Alpha,High_Rank,5,NA,NA,NA,36,-3,1,1,-1,2,Intimidator,2,Burst,1,NA,NA,Fortifying_Pelt,NA
199,Conga,Conga_Vambraces_Alpha,Arms,Alpha,High_Rank,5,NA,NA,NA,36,-3,1,1,-1,2,Speed_Eating,1,Mushroomancer,1,NA,NA,Fortifying_Pelt,NA
200,Conga,Conga_Coil_Alpha,Waist,Alpha,High_Rank,5,1,NA,NA,36,-3,1,1,-1,2,Mushroomancer,1,Free_Meal,1,NA,NA,Fortifying_Pelt,NA
201,Conga,Conga_Greaves_Alpha,Legs,Alpha,High_Rank,5,NA,NA,NA,36,-3,1,1,-1,2,Burst,1,Mushroomancer,1,NA,NA,Fortifying_Pelt,NA
202,Conga,Conga_Helm_Beta,Helm,Beta,High_Rank,5,2,NA,NA,36,-3,1,1,-1,2,Intimidator,1,NA,NA,NA,NA,Alluring_Pelt,NA
203,Conga,Conga_Mail_Beta,Chest,Beta,High_Rank,5,1,1,1,36,-3,1,1,-1,2,Intimidator,2,NA,NA,NA,NA,Alluring_Pelt,NA
204,Conga,Conga_Vambraces_Beta,Arms,Beta,High_Rank,5,1,NA,NA,36,-3,1,1,-1,2,Mushroomancer,1,NA,NA,NA,NA,Alluring_Pelt,NA
205,Conga,Conga_Coil_Beta,Waist,Beta,High_Rank,5,2,NA,NA,36,-3,1,1,-1,2,Mushroomancer,1,NA,NA,NA,NA,Alluring_Pelt,NA
206,Conga,Conga_Greaves_Beta,Legs,Beta,High_Rank,5,2,NA,NA,36,-3,1,1,-1,2,Burst,1,NA,NA,NA,NA,Alluring_Pelt,NA
207,Diver,Diver's_Mask_Alpha,Helm,Alpha,High_Rank,5,2,NA,NA,36,1,4,1,1,1,Ambush,2,NA,NA,NA,NA,Festival_Spirit,NA
208,Diver,Diver's_Suit_Alpha,Chest,Alpha,High_Rank,5,1,1,NA,36,1,4,1,1,1,Hunger_Resistance,2,Leap_of_Faith,1,NA,NA,Festival_Spirit,NA
209,Diver,Diver's_Braces_Alpha,Arms,Alpha,High_Rank,5,2,NA,NA,36,1,4,1,1,1,Ambush,1,Marathon_Runner,2,NA,NA,Festival_Spirit,NA
210,Diver,Diver's_Belt_Alpha,Waist,Alpha,High_Rank,5,1,1,1,36,1,4,1,1,1,Aquatic-Oilsilt_Mobility,1,Hunger_Resistance,1,NA,NA,Festival_Spirit,NA
211,Diver,Diver's_Boots_Alpha,Legs,Alpha,High_Rank,5,2,1,NA,36,1,4,1,1,1,Aquatic-Oilsilt_Mobility,1,Marathon_Runner,1,NA,NA,Festival_Spirit,NA
212,Expedition,Expedition_Headgear_Alpha,Helm,Alpha,High_Rank,5,1,NA,NA,40,1,1,1,1,1,Blight_Resistance,1,Coalescence,1,NA,NA,NA,NA
213,Faux_Felyne,Faux_Felyne_Alpha,Helm,Alpha,High_Rank,5,NA,NA,NA,36,2,2,2,2,2,Palico_Rally,5,NA,NA,NA,NA,NA,NA
214,Gourmand,Gourmand's_Earring_Alpha,Helm,Alpha,High_Rank,5,1,NA,NA,36,0,0,0,0,0,Speed_Eating,2,Free_Meal,2,NA,NA,Glory's_Favor,NA
215,Guild_Cross,Guild_Cross_Circlet_Alpha,Helm,Alpha,High_Rank,5,1,NA,NA,36,0,0,0,0,0,Flinch_Free,1,Bind_Resistance,3,Earplugs,1,Glory's_Favor,NA
216,Guild_Cross,Guild_Cross_Suit_Alpha,Chest,Alpha,High_Rank,5,2,1,NA,36,0,0,0,0,0,Tremor_Resistance,1,Earplugs,1,NA,NA,Glory's_Favor,NA
217,Guild_Cross,Guild_Cross_Vambraces_Alpha,Arms,Alpha,High_Rank,5,2,NA,NA,36,0,0,0,0,0,Flinch_Free,2,Tremor_Resistance,1,Bind_Resistance,1,Glory's_Favor,NA
218,Guild_Cross,Guild_Cross_Coil_Alpha,Waist,Alpha,High_Rank,5,2,NA,NA,0,0,0,0,0,0,Windproof,2,Earplugs,1,NA,NA,Glory's_Favor,NA
219,Guild_Cross,Guild_Cross_Boots_Alpha,Legs,Alpha,High_Rank,5,2,2,NA,36,0,0,0,0,0,Tremor_Resistance,1,Windproof,1,NA,NA,Glory's_Favor,NA
220,Gypceros,Gypceros_Helm_Alpha,Helm,Alpha,High_Rank,5,1,NA,NA,36,-4,3,4,-1,1,Stamina_Surge,1,Blindsider,1,NA,NA,Flexible_Leathercraft,NA
221,Gypceros,Gypceros_Mail_Alpha,Chest,Alpha,High_Rank,5,1,NA,NA,36,-4,3,4,-1,1,Poison_Resistance,1,Stamina_Surge,1,NA,NA,Flexible_Leathercraft,NA
222,Gypceros,Gypceros_Vambraces_Alpha,Arms,Alpha,High_Rank,5,NA,NA,NA,36,-4,3,4,-1,1,Resentment,2,Poison_Resistance,1,NA,NA,Flexible_Leathercraft,NA
223,Gypceros,Gypceros_Coil_Alpha,Waist,Alpha,High_Rank,5,1,NA,NA,36,-4,3,4,-1,1,Resentment,1,Stamina_Surge,1,NA,NA,Flexible_Leathercraft,NA
224,Gypceros,Gypceros_Greaves_Alpha,Legs,Alpha,High_Rank,5,NA,NA,NA,36,-4,3,4,-1,1,Marathon_Runner,2,Resentment,1,NA,NA,Flexible_Leathercraft,NA
225,Gypceros,Gypceros_Helm_Beta,Helm,Beta,High_Rank,5,1,1,NA,36,-4,3,4,-1,1,Stamina_Surge,1,NA,NA,NA,NA,Buttery_Leathercraft,NA
226,Gypceros,Gypceros_Mail_Beta,Chest,Beta,High_Rank,5,2,NA,NA,36,-4,3,4,-1,1,Stamina_Surge,1,NA,NA,NA,NA,Buttery_Leathercraft,NA
227,Gypceros,Gypceros_Vambraces_Beta,Arms,Beta,High_Rank,5,1,NA,NA,36,-4,3,4,-1,1,Resentment,2,NA,NA,NA,NA,Buttery_Leathercraft,NA
228,Gypceros,Gypceros_Coil_Beta,Waist,Beta,High_Rank,5,2,1,NA,36,-4,3,4,-1,1,Stamina_Surge,1,NA,NA,NA,NA,Buttery_Leathercraft,NA
229,Gypceros,Gypceros_Greaves_Beta,Legs,Beta,High_Rank,5,1,NA,NA,36,-4,3,4,-1,1,Resentment,1,Marathon_Runner,1,NA,NA,Buttery_Leathercraft,NA
230,Harvest,Harvest_Flor_Alpha,Helm,Alpha,High_Rank,5,1,1,NA,36,4,1,1,1,1,Resentment,1,Botanist,1,NA,NA,Carving_Master,NA
231,Harvest,Harvest_Tronco_Alpha,Chest,Alpha,High_Rank,5,NA,NA,NA,36,4,1,1,1,1,Mushroomancer,2,Resentment,1,NA,NA,Carving_Master,NA
232,Harvest,Harvest_Trama_Alpha,Arms,Alpha,High_Rank,5,NA,NA,NA,36,4,1,1,1,1,Free_Meal,2,Mushroomancer,1,Constitution,2,Carving_Master,NA
233,Harvest,Harvest_Hoja_Alpha,Waist,Alpha,High_Rank,5,1,1,NA,36,4,1,1,1,1,Free_Meal,1,Botanist,1,Constitution,1,Carving_Master,NA
234,Harvest,Harvest_Raiz_Alpha,Legs,Alpha,High_Rank,5,2,NA,NA,36,4,1,1,1,1,Botanist,2,Constitution,2,NA,NA,Carving_Master,NA
235,Hirabami,Hirabami_Headdress_Alpha,Helm,Alpha,High_Rank,5,NA,NA,NA,38,-3,2,-2,3,0,Evade_Window,1,Evade_Extender,1,NA,NA,Scaling_Prowess,NA
236,Hirabami,Hirabami_Mail_Alpha,Chest,Alpha,High_Rank,5,1,NA,NA,38,-3,2,-2,3,0,Ice_Resistance,2,Evade_Window,1,NA,NA,Scaling_Prowess,NA
237,Hirabami,Hirabami_Vambraces_Alpha,Arms,Alpha,High_Rank,5,NA,NA,NA,38,-3,2,-2,3,0,Peak_Performance,1,Evade_Window,1,NA,NA,Scaling_Prowess,NA
238,Hirabami,Hirabami_Coil_Alpha,Waist,Alpha,High_Rank,5,NA,NA,NA,38,-3,2,-2,3,0,Evade_Window,2,NA,NA,NA,NA,Scaling_Prowess,NA
239,Hirabami,Hirabami_Greaves_Alpha,Legs,Alpha,High_Rank,5,1,NA,NA,38,-3,2,-2,3,0,Peak_Performance,1,Ice_Resistance,1,NA,NA,Scaling_Prowess,NA
240,Hirabami,Hirabami_Headdress_Beta,Helm,Beta,High_Rank,5,1,1,NA,38,-3,2,-2,3,0,Evade_Window,1,NA,NA,NA,NA,Scale_Layering,NA
241,Hirabami,Hirabami_Mail_Beta,Chest,Beta,High_Rank,5,2,NA,NA,38,-3,2,-2,3,0,Evade_Window,1,Ice_Resistance,1,NA,NA,Scale_Layering,NA
242,Hirabami,Hirabami_Vambraces_Beta,Arms,Beta,High_Rank,5,1,1,NA,38,-3,2,-2,3,0,Evade_Window,1,NA,NA,NA,NA,Scale_Layering,NA
243,Hirabami,Hirabami_Coil_Beta,Waist,Beta,High_Rank,5,2,NA,NA,38,-3,2,-2,3,0,Evade_Window,1,NA,NA,NA,NA,Scale_Layering,NA
244,Hirabami,Hirabami_Greaves_Beta,Legs,Beta,High_Rank,5,2,NA,NA,38,-3,2,-2,3,0,Peak_Performance,1,NA,NA,NA,NA,Scale_Layering,NA
245,Hope,Hope_Mask_Alpha,Helm,Alpha,High_Rank,5,1,NA,NA,26,1,0,1,0,0,Divine_Blessing,2,NA,NA,NA,NA,NA,NA
246,Hope,Hope_Mail_Alpha,Chest,Alpha,High_Rank,5,1,1,NA,26,1,0,1,0,0,Poison_Resistance,1,NA,NA,NA,NA,NA,NA
247,Hope,Hope_Vambraces_Alpha,Arms,Alpha,High_Rank,5,1,1,NA,26,1,0,1,0,0,Sleep_Resistance,1,NA,NA,NA,NA,NA,NA
248,Hope,Hope_Coil_Alpha,Waist,Alpha,High_Rank,5,1,NA,NA,26,1,0,1,0,0,Divine_Blessing,1,Stun_Resistance,1,NA,NA,NA,NA
249,Hope,Hope_Greaves_Alpha,Legs,Alpha,High_Rank,5,1,NA,NA,26,1,0,1,0,0,Stun_Resistance,2,NA,NA,NA,NA,NA,NA
250,Kranodath,Kranodath_Mail_Alpha,Chest,Alpha,High_Rank,5,NA,NA,NA,32,4,-2,0,-2,0,Flinch_Free,2,Partbreaker,1,NA,NA,Scaling_Prowess,NA
251,Kranodath,Kranodath_Mail_Beta,Chest,Beta,High_Rank,5,2,NA,NA,32,4,-2,0,-2,0,Flinch_Free,2,NA,NA,NA,NA,Scale_Layering,NA
252,Kut-Ku,Kut-Ku_Helm_Alpha,Helm,Alpha,High_Rank,5,1,NA,NA,36,3,0,-2,-4,2,Constitution,2,Fire_Resistance,1,NA,NA,Scaling_Prowess,NA
253,Kut-Ku,Kut-Ku_Mail_Alpha,Chest,Alpha,High_Rank,5,1,NA,NA,36,3,0,-2,-4,2,Agitator,1,Fire_Resistance,1,NA,NA,Scaling_Prowess,NA
254,Kut-Ku,Kut-Ku_Vambraces_Alpha,Arms,Alpha,High_Rank,5,1,NA,NA,36,3,0,-2,-4,2,Constitution,1,Agitator,1,NA,NA,Scaling_Prowess,NA
255,Kut-Ku,Kut-Ku_Coil_Alpha,Waist,Alpha,High_Rank,5,NA,NA,NA,36,3,0,-2,-4,2,Recovery_Up,2,Agitator,1,NA,NA,Scaling_Prowess,NA
256,Kut-Ku,Kut-Ku_Greaves_Alpha,Legs,Alpha,High_Rank,5,2,NA,NA,36,3,0,-2,-4,2,Constitution,2,Recovery_Up,1,NA,NA,Scaling_Prowess,NA
257,Kut-Ku,Kut-Ku_Helm_Beta,Helm,Beta,High_Rank,5,2,1,NA,36,3,0,-2,-4,2,Constitution,2,NA,NA,NA,NA,Scale_Layering,NA
258,Kut-Ku,Kut-Ku_Mail_Beta,Chest,Beta,High_Rank,5,2,NA,NA,36,3,0,-2,-4,2,Agitator,1,NA,NA,NA,NA,Scale_Layering,NA
259,Kut-Ku,Kut-Ku_Vambraces_Beta,Arms,Beta,High_Rank,5,2,1,1,36,3,0,-2,-4,2,Constitution,1,NA,NA,NA,NA,Scale_Layering,NA
260,Kut-Ku,Kut-Ku_Coil_Beta,Waist,Beta,High_Rank,5,1,NA,NA,36,3,0,-2,-4,2,Agitator,1,Recovery_Up,1,NA,NA,Scale_Layering,NA
261,Kut-Ku,Kut-Ku_Greaves_Beta,Legs,Beta,High_Rank,5,2,1,NA,36,3,0,-2,-4,2,Constitution,1,Recovery_Up,1,NA,NA,Scale_Layering,NA
262,Leather,Leather_Headgear_Alpha,Helm,Alpha,High_Rank,5,1,NA,NA,26,2,0,0,0,0,Botanist,2,NA,NA,NA,NA,NA,NA
263,Leather,Leather_Mail_Alpha,Chest,Alpha,High_Rank,5,1,NA,NA,26,2,0,0,0,0,Botanist,1,Item_Prolonger,1,NA,NA,NA,NA
264,Leather,Leather_Gloves_Alpha,Arms,Alpha,High_Rank,5,1,NA,NA,26,2,0,0,0,0,Botanist,1,Hunger_Resistance,1,NA,NA,NA,NA
265,Leather,Leather_Belt_Alpha,Waist,Alpha,High_Rank,5,1,1,NA,26,2,0,0,0,0,Hunger_Resistance,1,NA,NA,NA,NA,NA,NA
266,Leather,Leather_Pants_Alpha,Legs,Alpha,High_Rank,5,1,NA,NA,26,2,0,0,0,0,Hunger_Resistance,1,Item_Prolonger,1,NA,NA,NA,NA
267,Mimiphyta,Mimiphyta_Alpha,Helm,Alpha,High_Rank,5,1,NA,NA,36,-3,2,-2,2,2,Entomologist,1,Ambush,1,NA,NA,Fortifying_Pelt,NA
268,Nerscylla,Nerscylla_Helm_Alpha,Helm,Alpha,High_Rank,5,NA,NA,NA,38,-2,2,-2,1,2,Poison_Resistance,2,Bind_Resistance,1,NA,NA,Neopteron_Alert,NA
269,Nerscylla,Nerscylla_Mail_Alpha,Chest,Alpha,High_Rank,5,NA,NA,NA,38,-2,2,-2,1,2,Weakness_Exploit,1,Ambush,1,NA,NA,Neopteron_Alert,NA
270,Nerscylla,Nerscylla_Vambraces_Alpha,Arms,Alpha,High_Rank,5,1,NA,NA,38,-2,2,-2,1,2,Poison_Resistance,1,Ambush,1,NA,NA,Neopteron_Alert,NA
271,Nerscylla,Nerscylla_Coil_Alpha,Waist,Alpha,High_Rank,5,NA,NA,NA,38,-2,2,-2,1,2,Sleep_Resistance,2,Bind_Resistance,1,NA,NA,Neopteron_Alert,NA
272,Nerscylla,Nerscylla_Greaves_Alpha,Legs,Alpha,High_Rank,5,1,NA,NA,38,-2,2,-2,1,2,Sleep_Resistance,1,Ambush,1,NA,NA,Neopteron_Alert,NA
273,Nerscylla,Nerscylla_Helm_Beta,Helm,Beta,High_Rank,5,2,NA,NA,38,-2,2,-2,1,2,Bind_Resistance,1,NA,NA,NA,NA,Neopteron_Camouflage,NA
274,Nerscylla,Nerscylla_Mail_Beta,Chest,Beta,High_Rank,5,1,1,1,38,-2,2,-2,1,2,Ambush,1,NA,NA,NA,NA,Neopteron_Camouflage,NA
275,Nerscylla,Nerscylla_Vambraces_Beta,Arms,Beta,High_Rank,5,2,NA,NA,38,-2,2,-2,1,2,Ambush,1,NA,NA,NA,NA,Neopteron_Camouflage,NA
276,Nerscylla,Nerscylla_Coil_Beta,Waist,Beta,High_Rank,5,1,1,NA,38,-2,2,-2,1,2,Bind_Resistance,1,NA,NA,NA,NA,Neopteron_Camouflage,NA
277,Nerscylla,Nerscylla_Greaves_Beta,Legs,Beta,High_Rank,5,2,1,NA,38,-2,2,-2,1,2,Sleep_Resistance,1,NA,NA,NA,NA,Neopteron_Camouflage,NA
278,Piragill,Piragill_Greaves_Alpha,Legs,Alpha,High_Rank,5,NA,NA,NA,32,-3,4,-3,1,1,Water_Resistance,2,Aquatic-Oilsilt_Mobility,1,NA,NA,Flexible_Leathercraft,NA
279,Piragill,Piragill_Greaves_Beta,Legs,Beta,High_Rank,5,2,NA,NA,32,-3,4,-3,1,1,Aquatic-Oilsilt_Mobility,1,NA,NA,NA,NA,Buttery_Leathercraft,NA
280,Quematrice,Quematrice_Helm_Alpha,Helm,Alpha,High_Rank,5,1,NA,NA,36,2,-3,0,-1,0,Latent_Power,1,Flinch_Free,1,NA,NA,Scaling_Prowess,NA
281,Quematrice,Quematrice_Mail_Alpha,Chest,Alpha,High_Rank,5,NA,NA,NA,36,2,-3,0,-1,0,Latent_Power,1,Fire_Resistance,1,NA,NA,Scaling_Prowess,NA
282,Quematrice,Quematrice_Braces_Alpha,Arms,Alpha,High_Rank,5,1,1,NA,36,2,-3,0,-1,0,Fire_Resistance,1,Flinch_Free,1,NA,NA,Scaling_Prowess,NA
283,Quematrice,Quematrice_Coil_Alpha,Waist,Alpha,High_Rank,5,NA,NA,NA,36,2,-3,0,-1,0,Latent_Power,1,Fire_Resistance,1,NA,NA,Scaling_Prowess,NA
284,Quematrice,Quematrice_Greaves_Alpha,Legs,Alpha,High_Rank,5,1,NA,NA,36,2,-3,0,-1,0,Evade_Extender,1,Flinch_Free,1,NA,NA,Scaling_Prowess,NA
285,Quematrice,Quematrice_Helm_Beta,Helm,Beta,High_Rank,5,2,NA,NA,36,2,-3,0,-1,0,Latent_Power,1,NA,NA,NA,NA,Scale_Layering,NA
286,Quematrice,Quematrice_Mail_Beta,Chest,Beta,High_Rank,5,1,NA,NA,36,2,-3,0,-1,0,Latent_Power,1,NA,NA,NA,NA,Scale_Layering,NA
287,Quematrice,Quematrice_Braces_Beta,Arms,Beta,High_Rank,5,2,1,NA,36,2,-3,0,-1,0,Flinch_Free,1,NA,NA,NA,NA,Scale_Layering,NA
288,Quematrice,Quematrice_Coil_Beta,Waist,Beta,High_Rank,5,2,NA,NA,36,2,-3,0,-1,0,Fire_Resistance,2,NA,NA,NA,NA,Scale_Layering,NA
289,Quematrice,Quematrice_Greaves_Beta,Legs,Beta,High_Rank,5,1,1,1,36,2,-3,0,-1,0,Flinch_Free,1,NA,NA,NA,NA,Scale_Layering,NA
290,Rathian,Rathian_Helm_Alpha,Helm,Alpha,High_Rank,5,2,NA,NA,38,2,0,-2,0,-3,Divine_Blessing,1,Recovery_Speed,1,NA,NA,Scaling_Prowess,NA
291,Rathian,Rathian_Mail_Alpha,Chest,Alpha,High_Rank,5,NA,NA,NA,38,2,0,-2,0,-3,Foray,2,NA,NA,NA,NA,Scaling_Prowess,NA
292,Rathian,Rathian_Vambraces_Alpha,Arms,Alpha,High_Rank,5,NA,NA,NA,38,2,0,-2,0,-3,Divine_Blessing,2,Foray,1,NA,NA,Scaling_Prowess,NA
293,Rathian,Rathian_Coil_Alpha,Waist,Alpha,High_Rank,5,NA,NA,NA,38,2,0,-2,0,-3,Foray,1,Tool_Specialist,1,NA,NA,Scaling_Prowess,NA
294,Rathian,Rathian_Greaves_Alpha,Legs,Alpha,High_Rank,5,NA,NA,NA,38,2,0,-2,0,-3,Recovery_Speed,2,Foray,1,NA,NA,Scaling_Prowess,NA
295,Rathian,Rathian_Helm_Beta,Helm,Beta,High_Rank,5,2,1,NA,38,2,0,-2,0,-3,Divine_Blessing,1,NA,NA,NA,NA,Scale_Layering,NA
296,Rathian,Rathian_Mail_Beta,Chest,Beta,High_Rank,5,1,1,1,38,2,0,-2,0,-3,Foray,1,NA,NA,NA,NA,Scale_Layering,NA
297,Rathian,Rathian_Vambraces_Beta,Arms,Beta,High_Rank,5,1,NA,NA,38,2,0,-2,0,-3,Foray,1,Divine_Blessing,1,NA,NA,Scale_Layering,NA
298,Rathian,Rathian_Coil_Beta,Waist,Beta,High_Rank,5,2,NA,NA,38,2,0,-2,0,-3,Foray,1,NA,NA,NA,NA,Scale_Layering,NA
299,Rathian,Rathian_Greaves_Beta,Legs,Beta,High_Rank,5,1,NA,NA,38,2,0,-2,0,-3,Foray,1,Recovery_Speed,1,NA,NA,Scale_Layering,NA
300,Rompopolo,Rompopolo_Helm_Alpha,Helm,Alpha,High_Rank,5,1,1,NA,36,0,-3,0,0,1,Wide-Range,2,NA,NA,NA,NA,Flexible_Leathercraft,NA
301,Rompopolo,Rompopolo_Mail_Alpha,Chest,Alpha,High_Rank,5,1,NA,NA,36,0,-3,0,0,1,Poison_Resistance,2,Wide-Range,1,NA,NA,Flexible_Leathercraft,NA
302,Rompopolo,Rompopolo_Vambraces_Alpha,Arms,Alpha,High_Rank,5,1,NA,NA,36,0,-3,0,0,1,Poison_Resistance,1,Earplugs,1,NA,NA,Flexible_Leathercraft,NA
303,Rompopolo,Rompopolo_Coil_Alpha,Waist,Alpha,High_Rank,5,NA,NA,NA,36,0,-3,0,0,1,Foray,1,Wide-Range,1,NA,NA,Flexible_Leathercraft,NA
304,Rompopolo,Rompopolo_Greaves_Alpha,Legs,Alpha,High_Rank,5,NA,NA,NA,36,0,-3,0,0,1,Wide-Range,2,Earplugs,1,NA,NA,Flexible_Leathercraft,NA
305,Rompopolo,Rompopolo_Helm_Beta,Helm,Beta,High_Rank,5,2,1,NA,36,0,-3,0,0,1,Wide-Range,1,NA,NA,NA,NA,Buttery_Leathercraft,NA
306,Rompopolo,Rompopolo_Mail_Beta,Chest,Beta,High_Rank,5,2,NA,NA,36,0,-3,0,0,1,Poison_Resistance,2,NA,NA,NA,NA,Buttery_Leathercraft,NA
307,Rompopolo,Rompopolo_Vambraces_Beta,Arms,Beta,High_Rank,5,2,NA,NA,36,0,-3,0,0,1,Earplugs,1,NA,NA,NA,NA,Buttery_Leathercraft,NA
308,Rompopolo,Rompopolo_Coil_Beta,Waist,Beta,High_Rank,5,1,NA,NA,36,0,-3,0,0,1,Foray,1,NA,NA,NA,NA,Buttery_Leathercraft,NA
309,Rompopolo,Rompopolo_Greaves_Beta,Legs,Beta,High_Rank,5,2,NA,NA,36,0,-3,0,0,1,Wide-Range,2,NA,NA,NA,NA,Buttery_Leathercraft,NA
310,Talioth,Talioth_Vambraces_Alpha,Arms,Alpha,High_Rank,5,NA,NA,NA,32,4,-2,-2,-2,2,Burst,1,Leap_of_Faith,1,NA,NA,Flexible_Leathercraft,NA
311,Talioth,Talioth_Vambraces_Beta,Arms,Beta,High_Rank,5,2,1,NA,32,4,-2,-2,-2,2,Leap_of_Faith,1,NA,NA,NA,NA,Buttery_Leathercraft,NA
312,Vespoid,Vespoid_Helm_Alpha,Helm,Alpha,High_Rank,5,NA,NA,NA,32,-2,1,1,1,2,Survival_Expert,1,Ambush,1,NA,NA,Neopteron_Alert,NA
313,Vespoid,Vespoid_Mail_Alpha,Chest,Alpha,High_Rank,5,1,NA,NA,32,-2,1,1,1,2,Evade_Window,1,Survival_Expert,1,NA,NA,Neopteron_Alert,NA
314,Vespoid,Vespoid_Vambraces_Alpha,Arms,Alpha,High_Rank,5,NA,NA,NA,32,-2,1,1,1,2,Paralysis_Resistance,1,Ambush,1,NA,NA,Neopteron_Alert,NA
315,Vespoid,Vespoid_Coil_Alpha,Waist,Alpha,High_Rank,5,1,NA,NA,32,-2,1,1,1,2,Evade_Window,1,Paralysis_Resistance,1,NA,NA,Neopteron_Alert,NA
316,Vespoid,Vespoid_Greaves_Alpha,Legs,Alpha,High_Rank,5,1,1,NA,32,-2,1,1,1,2,Paralysis_Resistance,1,Survival_Expert,1,NA,NA,Neopteron_Alert,NA
317,Vespoid,Vespoid_Helm_Beta,Helm,Beta,High_Rank,5,2,NA,NA,32,-2,1,1,1,2,Survival_Expert,1,NA,NA,NA,NA,Neopteron_Camouflage,NA
318,Vespoid,Vespoid_Mail_Beta,Chest,Beta,High_Rank,5,1,1,1,32,-2,1,1,1,2,Survival_Expert,1,NA,NA,NA,NA,Neopteron_Camouflage,NA
319,Vespoid,Vespoid_Vambraces_Beta,Arms,Beta,High_Rank,5,2,NA,NA,32,-2,1,1,1,2,Paralysis_Resistance,1,NA,NA,NA,NA,Neopteron_Camouflage,NA
320,Vespoid,Vespoid_Coil_Beta,Waist,Beta,High_Rank,5,1,1,1,32,-2,1,1,1,2,Paralysis_Resistance,1,NA,NA,NA,NA,Neopteron_Camouflage,NA
321,Vespoid,Vespoid_Greaves_Beta,Legs,Beta,High_Rank,5,2,1,NA,32,-2,1,1,1,2,Survival_Expert,1,NA,NA,NA,NA,Neopteron_Camouflage,NA
322,Ajarakan,Ajarakan_Helm_Alpha,Helm,Alpha,High_Rank,6,1,NA,NA,48,3,-3,1,-2,0,Resentment,2,Bombardier,1,NA,NA,Fortifying_Pelt,NA
323,Ajarakan,Ajarakan_Mail_Alpha,Chest,Alpha,High_Rank,6,1,NA,NA,48,3,-3,1,-2,0,Resentment,2,Blast_Resistance,1,NA,NA,Fortifying_Pelt,NA
324,Ajarakan,Ajarakan_Vambraces_Alpha,Arms,Alpha,High_Rank,6,2,NA,NA,48,3,-3,1,-2,0,Bombardier,2,Partbreaker,1,NA,NA,Fortifying_Pelt,NA
325,Ajarakan,Ajarakan_Coil_Alpha,Waist,Alpha,High_Rank,6,1,NA,NA,48,3,-3,1,-2,0,Blast_Resistance,2,Partbreaker,1,NA,NA,Fortifying_Pelt,NA
326,Ajarakan,Ajarakan_Greaves_Alpha,Legs,Alpha,High_Rank,6,NA,NA,NA,48,3,-3,1,-2,0,Partbreaker,2,Resentment,1,NA,NA,Fortifying_Pelt,NA
327,Ajarakan,Ajarakan_Helm_Beta,Helm,Beta,High_Rank,6,2,1,NA,48,3,-3,1,-2,0,Resentment,1,Bombardier,1,NA,NA,Alluring_Pelt,NA
328,Ajarakan,Ajarakan_Mail_Beta,Chest,Beta,High_Rank,6,2,NA,NA,48,3,-3,1,-2,0,Resentment,2,NA,NA,NA,NA,Alluring_Pelt,NA
329,Ajarakan,Ajarakan_Vambraces_Beta,Arms,Beta,High_Rank,6,2,1,NA,48,3,-3,1,-2,0,Partbreaker,1,Bombardier,1,NA,NA,Alluring_Pelt,NA
330,Ajarakan,Ajarakan_Coil_Beta,Waist,Beta,High_Rank,6,2,NA,NA,48,3,-3,1,-2,0,Partbreaker,2,Blast_Resistance,1,NA,NA,Alluring_Pelt,NA
331,Ajarakan,Ajarakan_Greaves_Beta,Legs,Beta,High_Rank,6,1,1,NA,48,3,-3,1,-2,0,Partbreaker,2,NA,NA,NA,NA,Alluring_Pelt,NA
332,Artian,Artian_Helm_Alpha,Helm,Alpha,High_Rank,6,2,1,NA,44,1,-2,-2,2,3,Flayer,1,Earplugs,1,NA,NA,Guardian's_Protection,NA
333,Artian,Artian_Mail_Alpha,Chest,Alpha,High_Rank,6,2,1,1,44,1,-2,-2,2,3,Flayer,1,Adaptability,1,NA,NA,Guardian's_Protection,NA
334,Artian,Artian_Vambraces_Alpha,Arms,Alpha,High_Rank,6,2,NA,NA,44,1,-2,-2,2,3,Blight_Resistance,2,Flayer,1,NA,NA,Guardian's_Protection,NA
335,Artian,Artian_Coil_Alpha,Waist,Alpha,High_Rank,6,2,NA,NA,44,1,-2,-2,2,3,Windproof,2,Flayer,1,NA,NA,Guardian's_Protection,NA
336,Artian,Artian_Greaves_Alpha,Legs,Alpha,High_Rank,6,2,NA,NA,44,1,-2,-2,2,3,Tremor_Resistance,2,Flayer,1,NA,NA,Guardian's_Protection,NA
337,Azuz,Azuz_Headdress_Alpha,Helm,Alpha,High_Rank,6,2,NA,NA,44,4,1,1,1,1,Maximum_Might,2,NA,NA,NA,NA,Imparted_Wisdom,NA
338,Azuz,Azuz_Apron_Alpha,Chest,Alpha,High_Rank,6,1,1,NA,44,4,1,1,1,1,Heroics,3,NA,NA,NA,NA,Imparted_Wisdom,NA
339,Azuz,Azuz_Pants_Alpha,Legs,Alpha,High_Rank,6,2,1,1,44,4,1,1,1,1,Geologist,3,NA,NA,NA,NA,Imparted_Wisdom,NA
340,Battle,Battle_Helm_Alpha,Helm,Alpha,High_Rank,6,2,NA,NA,44,2,-1,-1,0,0,Stamina_Surge,2,NA,NA,NA,NA,Imparted_Wisdom,NA
341,Battle,Battle_Mail_Alpha,Chest,Alpha,High_Rank,6,2,NA,NA,44,2,-1,-1,0,0,Hunger_Resistance,3,Sleep_Resistance,1,NA,NA,Imparted_Wisdom,NA
342,Battle,Battle_Vambraces_Alpha,Arms,Alpha,High_Rank,6,2,NA,NA,44,2,-1,-1,0,0,Free_Meal,3,NA,NA,NA,NA,Imparted_Wisdom,NA
343,Battle,Battle_Coil_Alpha,Waist,Alpha,High_Rank,6,2,NA,NA,44,2,-1,-1,0,0,Item_Prolonger,3,Bind_Resistance,1,NA,NA,Imparted_Wisdom,NA
344,Battle,Battle_Greaves_Alpha,Legs,Alpha,High_Rank,6,2,NA,NA,44,2,-1,-1,0,0,Marathon_Runner,3,Constitution,1,NA,NA,Imparted_Wisdom,NA
345,Blango,Blango_Helm_Alpha,Helm,Alpha,High_Rank,6,1,1,NA,48,-4,1,0,4,0,Wide-Range,2,Counterstrike,1,NA,NA,Fortifying_Pelt,Blangonga's_Spirit
346,Blango,Blango_Mail_Alpha,Chest,Alpha,High_Rank,6,NA,NA,NA,48,-4,1,0,4,0,Agitator,2,Item_Prolonger,1,NA,NA,Fortifying_Pelt,Blangonga's_Spirit
347,Blango,Blango_Vambraces_Alpha,Arms,Alpha,High_Rank,6,2,NA,NA,48,-4,1,0,4,0,Palico_Rally,2,Counterstrike,1,NA,NA,Fortifying_Pelt,Blangonga's_Spirit
348,Blango,Blango_Coil_Alpha,Waist,Alpha,High_Rank,6,1,NA,NA,48,-4,1,0,4,0,Agitator,2,Wide-Range,1,NA,NA,Fortifying_Pelt,Blangonga's_Spirit
349,Blango,Blango_Greaves_Alpha,Legs,Alpha,High_Rank,6,1,1,NA,48,-4,1,0,4,0,Agitator,1,Counterstrike,1,NA,NA,Fortifying_Pelt,Blangonga's_Spirit
350,Blango,Blango_Helm_Beta,Helm,Beta,High_Rank,6,2,1,1,48,-4,1,0,4,0,Wide-Range,2,NA,NA,NA,NA,Alluring_Pelt,Blangonga's_Spirit
351,Blango,Blango_Mail_Beta,Chest,Beta,High_Rank,6,2,NA,NA,48,-4,1,0,4,0,Agitator,2,NA,NA,NA,NA,Alluring_Pelt,Blangonga's_Spirit
352,Blango,Blango_Vambraces_Beta,Arms,Beta,High_Rank,6,2,2,NA,48,-4,1,0,4,0,Counterstrike,1,NA,NA,NA,NA,Alluring_Pelt,Blangonga's_Spirit
353,Blango,Blango_Coil_Beta,Waist,Beta,High_Rank,6,1,1,NA,48,-4,1,0,4,0,Agitator,2,NA,NA,NA,NA,Alluring_Pelt,Blangonga's_Spirit
354,Blango,Blango_Greaves_Beta,Legs,Beta,High_Rank,6,2,2,NA,48,-4,1,0,4,0,Agitator,1,NA,NA,NA,NA,Alluring_Pelt,Blangonga's_Spirit
355,Butterfly,Butterfly_Vertex_Alpha,Helm,Alpha,High_Rank,6,2,NA,NA,44,-1,-1,2,0,2,Constitution,1,Evade_Window,1,Evade_Extender,1,Imparted_Wisdom,NA
356,Butterfly,Butterfly_Thorax_Alpha,Chest,Alpha,High_Rank,6,2,NA,NA,44,-1,-1,2,0,2,Constitution,1,Evade_Window,1,Evade_Extender,1,Imparted_Wisdom,NA
357,Butterfly,Butterfly_Brachia_Alpha,Arms,Alpha,High_Rank,6,2,NA,NA,44,-1,-1,2,0,2,Recovery_Speed,2,Constitution,1,Evade_Window,1,Imparted_Wisdom,NA
358,Butterfly,Butterfly_Elytra_Alpha,Waist,Alpha,High_Rank,6,2,NA,NA,44,-1,-1,2,0,2,Constitution,1,Evade_Window,1,Evade_Extender,1,Imparted_Wisdom,NA
359,Butterfly,Butterfly_Crura_Alpha,Legs,Alpha,High_Rank,6,2,NA,NA,44,-1,-1,2,0,2,Recovery_Up,2,Constitution,1,Evade_Window,1,Imparted_Wisdom,NA
360,Commission,Commission_Helm_Alpha,Helm,Alpha,High_Rank,6,1,NA,NA,44,2,2,0,0,0,Agitator,1,Maximum_Might,1,NA,NA,NA,NA
361,Commission,Commission_Mail_Alpha,Chest,Alpha,High_Rank,6,1,NA,NA,44,2,2,0,0,0,Agitator,1,Divine_Blessing,2,NA,NA,NA,NA
362,Commission,Commission_Vambraces_Alpha,Arms,Alpha,High_Rank,6,1,NA,NA,44,2,2,0,0,0,Agitator,1,Quick_Sheathe,2,NA,NA,NA,NA
363,Commission,Commission_Coil_Alpha,Waist,Alpha,High_Rank,6,1,NA,NA,44,2,2,0,0,0,Agitator,1,Tool_Specialist,1,NA,NA,NA,NA
364,Commission,Commission_Greaves_Alpha,Legs,Alpha,High_Rank,6,1,NA,NA,44,2,2,0,0,0,Agitator,1,Earplugs,1,NA,NA,NA,NA
365,Death_Stench,Death_Stench_Brain_Alpha,Helm,Alpha,High_Rank,6,2,NA,NA,44,3,2,-2,3,4,Resentment,1,Ambush,1,NA,NA,Imparted_Wisdom,NA
366,Death_Stench,Death_Stench_Muscle_Alpha,Chest,Alpha,High_Rank,6,2,NA,NA,44,3,2,-2,3,4,Resentment,1,Ambush,1,NA,NA,Imparted_Wisdom,NA
367,Death_Stench,Death_Stench_Grip_Alpha,Arms,Alpha,High_Rank,6,2,NA,NA,44,3,2,-2,3,4,Resentment,1,Ambush,1,NA,NA,Imparted_Wisdom,NA
368,Death_Stench,Death_Stench_Bowels_Alpha,Waist,Alpha,High_Rank,6,2,1,NA,44,3,2,-2,3,4,Intimidator,2,Resentment,1,NA,NA,Imparted_Wisdom,NA
369,Death_Stench,Death_Stench_Heel_Alpha,Legs,Alpha,High_Rank,6,2,1,NA,44,3,2,-2,3,4,Stun_Resistance,2,Resentment,1,NA,NA,Imparted_Wisdom,NA
370,Doshaguma,Doshaguma_Helm_Alpha,Helm,Alpha,High_Rank,6,2,1,NA,48,-3,2,-1,-1,4,Free_Meal,2,Stun_Resistance,1,NA,NA,Fortifying_Pelt,Doshaguma's_Might
371,Doshaguma,Doshagumask_Alpha,Helm,Alpha,High_Rank,6,NA,NA,NA,48,-3,2,-1,-1,4,Stamina_Surge,1,Recovery_Up,1,Latent_Power,2,Fortifying_Pelt,Doshaguma's_Might
372,Doshaguma,Doshaguma_Mail_Alpha,Chest,Alpha,High_Rank,6,1,NA,NA,48,-3,2,-1,-1,4,Latent_Power,1,Stamina_Surge,1,NA,NA,Fortifying_Pelt,Doshaguma's_Might
373,Doshaguma,Doshaguma_Braces_Alpha,Arms,Alpha,High_Rank,6,2,NA,NA,48,-3,2,-1,-1,4,Stun_Resistance,2,Stamina_Surge,1,NA,NA,Fortifying_Pelt,Doshaguma's_Might
374,Doshaguma,Doshaguma_Coil_Alpha,Waist,Alpha,High_Rank,6,1,NA,NA,48,-3,2,-1,-1,4,Latent_Power,2,NA,NA,NA,NA,Fortifying_Pelt,Doshaguma's_Might
375,Doshaguma,Doshaguma_Greaves_Alpha,Legs,Alpha,High_Rank,6,2,1,NA,48,-3,2,-1,-1,4,Recovery_Up,2,Free_Meal,1,NA,NA,Fortifying_Pelt,Doshaguma's_Might
376,Doshaguma,Doshaguma_Helm_Beta,Helm,Beta,High_Rank,6,2,1,1,48,-3,2,-1,-1,4,Stun_Resistance,1,Free_Meal,1,NA,NA,Alluring_Pelt,Doshaguma's_Might
377,Doshaguma,Doshaguma_Mail_Beta,Chest,Beta,High_Rank,6,1,1,1,48,-3,2,-1,-1,4,Latent_Power,1,NA,NA,NA,NA,Alluring_Pelt,Doshaguma's_Might
378,Doshaguma,Doshaguma_Braces_Beta,Arms,Beta,High_Rank,6,2,1,NA,48,-3,2,-1,-1,4,Stun_Resistance,1,Stamina_Surge,1,NA,NA,Alluring_Pelt,Doshaguma's_Might
379,Doshaguma,Doshaguma_Coil_Beta,Waist,Beta,High_Rank,6,2,2,NA,48,-3,2,-1,-1,4,Latent_Power,1,NA,NA,NA,NA,Alluring_Pelt,Doshaguma's_Might
380,Doshaguma,Doshaguma_Greaves_Beta,Legs,Beta,High_Rank,6,2,1,1,48,-3,2,-1,-1,4,Recovery_Up,1,Free_Meal,1,NA,NA,Alluring_Pelt,Doshaguma's_Might
381,Dreamwalker,Dreamwalker_Helm_Alpha,Helm,Alpha,High_Rank,6,NA,NA,NA,36,-3,2,2,2,2,Flayer,1,Wide-Range,2,Ambush,1,Carving_Master,Dreamspell_Boon
382,Dreamwalker,Dreamwalker_Mail_Alpha,Chest,Alpha,High_Rank,6,2,NA,NA,36,-3,2,2,2,2,Sleep_Resistance,1,Wide-Range,1,Flayer,1,Carving_Master,Dreamspell_Boon
383,Dreamwalker,Dreamwalker_Braces_Alpha,Arms,Alpha,High_Rank,6,2,1,NA,36,-3,2,2,2,2,Flayer,1,Sleep_Resistance,1,NA,NA,Carving_Master,Dreamspell_Boon
384,Dreamwalker,Dreamwalker_Coil_Alpha,Waist,Alpha,High_Rank,6,NA,NA,NA,36,-3,2,2,2,2,Flayer,1,Ambush,2,NA,NA,Carving_Master,Dreamspell_Boon
385,Dreamwalker,Dreamwalker_Greaves_Alpha,Legs,Alpha,High_Rank,6,1,1,NA,36,-3,2,2,2,2,Flayer,1,Ambush,2,NA,NA,Carving_Master,Dreamspell_Boon
386,Earring_of_Dedication,Earring_of_Dedication_Alpha,Helm,Alpha,High_Rank,6,2,NA,NA,48,0,0,0,0,0,Wide-Range,4,NA,NA,NA,NA,Glory's_Favor,NA
387,G_Doshaguma,G_Doshaguma_Helm_Alpha,Helm,Alpha,High_Rank,6,2,1,NA,48,-3,2,-1,-2,2,Hunger_Resistance,2,Heroics,1,NA,NA,Guardian's_Pulse,Doshaguma's_Might
388,G_Doshaguma,G_Doshaguma_Mail_Alpha,Chest,Alpha,High_Rank,6,2,1,NA,48,-3,2,-1,-2,2,Constitution,2,Iron_Skin,1,NA,NA,Guardian's_Pulse,NA
389,G_Doshaguma,G_Doshaguma_Braces_Alpha,Arms,Alpha,High_Rank,6,1,1,1,48,-3,2,-1,-2,2,Iron_Skin,2,Heroics,1,NA,NA,Guardian's_Pulse,NA
390,G_Doshaguma,G_Doshaguma_Coil_Alpha,Waist,Alpha,High_Rank,6,2,NA,NA,48,-3,2,-1,-2,2,Heroics,2,Hunger_Resistance,1,NA,NA,Guardian's_Pulse,NA
391,G_Doshaguma,G_Doshaguma_Greaves_Alpha,Legs,Alpha,High_Rank,6,2,NA,NA,48,-3,2,-1,-2,2,Constitution,2,Heroics,1,NA,NA,Guardian's_Pulse,NA
392,G_Doshaguma,G_Doshaguma_Helm_Beta,Helm,Beta,High_Rank,6,2,2,1,48,-3,2,-1,-2,2,Heroics,1,NA,NA,NA,NA,Guardian's_Protection,NA
393,G_Doshaguma,G_Doshaguma_Mail_Beta,Chest,Beta,High_Rank,6,2,2,NA,48,-3,2,-1,-2,2,Constitution,2,NA,NA,NA,NA,Guardian's_Protection,NA
394,G_Doshaguma,G_Doshaguma_Braces_Beta,Arms,Beta,High_Rank,6,2,2,1,48,-3,2,-1,-2,2,Heroics,1,NA,NA,NA,NA,Guardian's_Protection,NA
395,G_Doshaguma,G_Doshaguma_Coil_Beta,Waist,Beta,High_Rank,6,2,1,NA,48,-3,2,-1,-2,2,Heroics,2,NA,NA,NA,NA,Guardian's_Protection,NA
396,G_Doshaguma,G_Doshaguma_Greaves_Beta,Legs,Beta,High_Rank,6,2,1,NA,48,-3,2,-1,-2,2,Constitution,1,Heroics,1,NA,NA,Guardian's_Protection,NA
397,G_Ebony,G_Ebony_Helm_Alpha,Helm,Alpha,High_Rank,6,NA,NA,NA,48,-2,-3,-2,-2,4,Burst,2,Earplugs,1,NA,NA,Guardian's_Pulse,Ebony_Odogaron's_Power
398,G_Ebony,G_Ebony_Mail_Alpha,Chest,Alpha,High_Rank,6,2,NA,NA,48,-2,-3,-2,-2,4,Bleeding_Resistance,2,Earplugs,1,NA,NA,Guardian's_Pulse,Ebony_Odogaron's_Power
399,G_Ebony,G_Ebony_Braces_Alpha,Arms,Alpha,High_Rank,6,NA,NA,NA,48,-2,-3,-2,-2,4,Burst,2,Divine_Blessing,1,NA,NA,Guardian's_Pulse,Ebony_Odogaron's_Power
400,G_Ebony,G_Ebony_Coil_Alpha,Waist,Alpha,High_Rank,6,2,NA,NA,48,-2,-3,-2,-2,4,Burst,1,Bleeding_Resistance,1,NA,NA,Guardian's_Pulse,Ebony_Odogaron's_Power
401,G_Ebony,G_Ebony_Greaves_Alpha,Legs,Alpha,High_Rank,6,2,NA,NA,48,-2,-3,-2,-2,4,Divine_Blessing,2,Earplugs,1,NA,NA,Guardian's_Pulse,Ebony_Odogaron's_Power
402,G_Ebony,G_Ebony_Helm_Beta,Helm,Beta,High_Rank,6,2,NA,NA,48,-2,-3,-2,-2,4,Burst,2,NA,NA,NA,NA,Guardian's_Protection,Ebony_Odogaron's_Power
403,G_Ebony,G_Ebony_Mail_Beta,Chest,Beta,High_Rank,6,2,2,NA,48,-2,-3,-2,-2,4,Earplugs,1,NA,NA,NA,NA,Guardian's_Protection,Ebony_Odogaron's_Power
404,G_Ebony,G_Ebony_Braces_Beta,Arms,Beta,High_Rank,6,2,1,NA,48,-2,-3,-2,-2,4,Burst,1,Divine_Blessing,1,NA,NA,Guardian's_Protection,Ebony_Odogaron's_Power
405,G_Ebony,G_Ebony_Coil_Beta,Waist,Beta,High_Rank,6,2,1,NA,48,-2,-3,-2,-2,4,Burst,1,NA,NA,NA,NA,Guardian's_Protection,Ebony_Odogaron's_Power
406,G_Ebony,G_Ebony_Greaves_Beta,Legs,Beta,High_Rank,6,2,1,NA,48,-2,-3,-2,-2,4,Divine_Blessing,1,Earplugs,1,NA,NA,Guardian's_Protection,Ebony_Odogaron's_Power
407,G_Fulgur,G_Fulgur_Helm_Alpha,Helm,Alpha,High_Rank,6,NA,NA,NA,48,-1,-1,2,-3,-2,Agitator,2,Coalescence,1,NA,NA,Guardian's_Pulse,Fulgur_Anjanath's_Will
408,G_Fulgur,G_Fulgur_Mail_Alpha,Chest,Alpha,High_Rank,6,2,NA,NA,48,-1,-1,2,-3,-2,Maximum_Might,1,Coalescence,1,NA,NA,Guardian's_Pulse,Fulgur_Anjanath's_Will
409,G_Fulgur,G_Fulgur_Vambraces_Alpha,Arms,Alpha,High_Rank,6,1,NA,NA,48,-1,-1,2,-3,-2,Agitator,1,Maximum_Might,1,NA,NA,Guardian's_Pulse,Fulgur_Anjanath's_Will
410,G_Fulgur,G_Fulgur_Coil_Alpha,Waist,Alpha,High_Rank,6,1,1,NA,48,-1,-1,2,-3,-2,Maximum_Might,1,Stamina_Surge,1,NA,NA,Guardian's_Pulse,Fulgur_Anjanath's_Will
411,G_Fulgur,G_Fulgur_Greaves_Alpha,Legs,Alpha,High_Rank,6,1,NA,NA,48,-1,-1,2,-3,-2,Stamina_Surge,2,Coalescence,1,NA,NA,Guardian's_Pulse,Fulgur_Anjanath's_Will
412,G_Fulgur,G_Fulgur_Helm_Beta,Helm,Beta,High_Rank,6,2,NA,NA,48,-1,-1,2,-3,-2,Agitator,2,NA,NA,NA,NA,Guardian's_Protection,Fulgur_Anjanath's_Will
413,G_Fulgur,G_Fulgur_Mail_Beta,Chest,Beta,High_Rank,6,2,1,1,48,-1,-1,2,-3,-2,Maximum_Might,1,NA,NA,NA,NA,Guardian's_Protection,Fulgur_Anjanath's_Will
414,G_Fulgur,G_Fulgur_Vambraces_Beta,Arms,Beta,High_Rank,6,2,2,NA,48,-1,-1,2,-3,-2,Maximum_Might,1,NA,NA,NA,NA,Guardian's_Protection,Fulgur_Anjanath's_Will
415,G_Fulgur,G_Fulgur_Coil_Beta,Waist,Beta,High_Rank,6,2,2,NA,48,-1,-1,2,-3,-2,Stamina_Surge,1,NA,NA,NA,NA,Guardian's_Protection,Fulgur_Anjanath's_Will
416,G_Fulgur,G_Fulgur_Greaves_Beta,Legs,Beta,High_Rank,6,2,1,NA,48,-1,-1,2,-3,-2,Stamina_Surge,1,Coalescence,1,NA,NA,Guardian's_Protection,Fulgur_Anjanath's_Will
417,G_Rathalos,G_Rathalos_Helm_Alpha,Helm,Alpha,High_Rank,6,1,1,NA,48,3,1,-2,1,-5,Survival_Expert,2,Weakness_Exploit,1,NA,NA,Guardian's_Pulse,Rathalos's_Flare
418,G_Rathalos,G_Rathalos_Mail_Alpha,Chest,Alpha,High_Rank,6,1,NA,NA,48,3,1,-2,1,-5,Intimidator,2,Weakness_Exploit,1,NA,NA,Guardian's_Pulse,Rathalos's_Flare
419,G_Rathalos,G_Rathalos_Vambraces_Alpha,Arms,Alpha,High_Rank,6,2,NA,NA,48,3,1,-2,1,-5,Weakness_Exploit,1,Survival_Expert,1,Intimidator,1,Guardian's_Pulse,Rathalos's_Flare
420,G_Rathalos,G_Rathalos_Coil_Alpha,Waist,Alpha,High_Rank,6,1,1,NA,48,3,1,-2,1,-5,Weakness_Exploit,1,Windproof,1,NA,NA,Guardian's_Pulse,Rathalos's_Flare
421,G_Rathalos,G_Rathalos_Greaves_Alpha,Legs,Alpha,High_Rank,6,1,NA,NA,48,3,1,-2,1,-5,Windproof,2,Weakness_Exploit,1,NA,NA,Guardian's_Pulse,Rathalos's_Flare
422,G_Rathalos,G_Rathalos_Helm_Beta,Helm,Beta,High_Rank,6,2,2,NA,48,3,1,-2,1,-5,Weakness_Exploit,1,NA,NA,NA,NA,Guardian's_Protection,Rathalos's_Flare
423,G_Rathalos,G_Rathalos_Mail_Beta,Chest,Beta,High_Rank,6,2,NA,NA,48,3,1,-2,1,-5,Weakness_Exploit,1,Intimidator,1,NA,NA,Guardian's_Protection,Rathalos's_Flare
424,G_Rathalos,G_Rathalos_Vambraces_Beta,Arms,Beta,High_Rank,6,2,1,1,48,3,1,-2,1,-5,Weakness_Exploit,1,NA,NA,NA,NA,Guardian's_Protection,Rathalos's_Flare
425,G_Rathalos,G_Rathalos_Coil_Beta,Waist,Beta,High_Rank,6,2,2,1,48,3,1,-2,1,-5,Windproof,1,NA,NA,NA,NA,Guardian's_Protection,Rathalos's_Flare
426,G_Rathalos,G_Rathalos_Greaves_Beta,Legs,Beta,High_Rank,6,2,NA,NA,48,3,1,-2,1,-5,Weakness_Exploit,1,Windproof,1,NA,NA,Guardian's_Protection,Rathalos's_Flare
427,G_Seikret,G_Seikret_Coil_Alpha,Waist,Alpha,High_Rank,6,1,NA,NA,44,0,0,4,0,-3,Earplugs,2,Jump_Master,1,NA,NA,Guardian's_Pulse,NA
428,G_Seikret,G_Seikret_Coil_Beta,Waist,Beta,High_Rank,6,2,1,NA,44,0,0,4,0,-3,Earplugs,1,Jump_Master,1,NA,NA,Guardian's_Protection,NA
429,Gajau,Gajau_Boots_Alpha,Legs,Alpha,High_Rank,6,1,1,1,44,0,5,0,0,0,Water_Resistance,1,Outdoorsman,1,NA,NA,Flexible_Leathercraft,NA
430,Gelidron,Gelidron_Mask_Alpha,Helm,Alpha,High_Rank,6,3,1,1,66,4,2,-4,-2,0,Speed_Eating,3,Hunger_Resistance,3,Free_Meal,3,Flexible_Leathercraft,NA
431,Gelidron,Gelidron_Backpack_Alpha,Chest,Alpha,High_Rank,6,3,1,NA,66,2,2,-4,-2,0,Free_Meal,2,Speed_Eating,1,Hunger_Resistance,2,Hunter_Gatherer,NA
432,Gravios,Gravios_Helm_Alpha,Helm,Alpha,High_Rank,6,2,1,NA,52,4,-3,1,0,-2,Peak_Performance,1,Tremor_Resistance,1,NA,NA,Scaling_Prowess,Gravios's_Protection
433,Gravios,Gravios_Mail_Alpha,Chest,Alpha,High_Rank,6,2,1,NA,52,4,-3,1,0,-2,Recovery_Speed,2,Peak_Performance,1,NA,NA,Scaling_Prowess,Gravios's_Protection
434,Gravios,Gravios_Vambraces_Alpha,Arms,Alpha,High_Rank,6,1,NA,NA,52,4,-3,1,0,-2,Peak_Performance,2,Flinch_Free,1,NA,NA,Scaling_Prowess,Gravios's_Protection
435,Gravios,Gravios_Coil_Alpha,Waist,Alpha,High_Rank,6,2,NA,NA,52,4,-3,1,0,-2,Flinch_Free,2,Peak_Performance,1,NA,NA,Scaling_Prowess,Gravios's_Protection
436,Gravios,Gravios_Greaves_Alpha,Legs,Alpha,High_Rank,6,2,1,NA,52,4,-3,1,0,-2,Tremor_Resistance,2,Recovery_Speed,1,NA,NA,Scaling_Prowess,Gravios's_Protection
437,Gravios,Gravios_Helm_Beta,Helm,Beta,High_Rank,6,2,2,NA,52,4,-3,1,0,-2,Peak_Performance,1,NA,NA,NA,NA,Scale_Layering,Gravios's_Protection
438,Gravios,Gravios_Mail_Beta,Chest,Beta,High_Rank,6,2,2,NA,52,4,-3,1,0,-2,Peak_Performance,1,Recovery_Speed,1,NA,NA,Scale_Layering,Gravios's_Protection
439,Gravios,Gravios_Vambraces_Beta,Arms,Beta,High_Rank,6,2,NA,NA,52,4,-3,1,0,-2,Peak_Performance,2,NA,NA,NA,NA,Scale_Layering,Gravios's_Protection
440,Gravios,Gravios_Coil_Beta,Waist,Beta,High_Rank,6,2,1,NA,52,4,-3,1,0,-2,Peak_Performance,1,Flinch_Free,1,NA,NA,Scale_Layering,Gravios's_Protection
441,Gravios,Gravios_Greaves_Beta,Legs,Beta,High_Rank,6,2,2,NA,52,4,-3,1,0,-2,Recovery_Speed,1,Tremor_Resistance,1,NA,NA,Scale_Layering,Gravios's_Protection
442,Half_Rim,Half_Rim_Glasses_Alpha,Helm,Alpha,High_Rank,6,1,NA,NA,48,2,2,2,2,2,Wide-Range,5,NA,NA,NA,NA,NA,NA
443,Hawkheart,Hawkheart_Jacket_Alpha,Chest,Alpha,High_Rank,6,2,NA,NA,48,0,0,0,0,0,Constitution,4,Quick_Sheathe,2,NA,NA,NA,NA
444,High_Metal,High_Metal_Helm_Alpha,Helm,Alpha,High_Rank,6,2,NA,NA,44,0,-1,-2,3,0,??,NA,NA,NA,NA,NA,Imparted_Wisdom,NA
445,High_Metal,High_Metal_Mail_Alpha,Chest,Alpha,High_Rank,6,2,NA,NA,44,0,-1,-2,3,0,??,NA,NA,NA,NA,NA,Imparted_Wisdom,NA
446,High_Metal,High_Metal_Braces_Alpha,Arms,Alpha,High_Rank,6,2,NA,NA,44,0,-1,-2,3,0,??,NA,NA,NA,NA,NA,Imparted_Wisdom,NA
447,High_Metal,High_Metal_Coil_Alpha,Waist,Alpha,High_Rank,6,2,NA,NA,44,0,-1,-2,3,0,??,NA,NA,NA,NA,NA,Imparted_Wisdom,NA
448,High_Metal,High_Metal_Greaves_Alpha,Legs,Alpha,High_Rank,6,2,NA,NA,44,0,-1,-2,3,0,??,NA,NA,NA,NA,NA,Imparted_Wisdom,NA
449,Ingot,Ingot_Helm_Alpha,Helm,Alpha,High_Rank,6,2,NA,NA,44,-2,0,3,-1,0,Divine_Blessing,2,Resentment,1,NA,NA,NA,NA
450,Ingot,Ingot_Mail_Alpha,Chest,Alpha,High_Rank,6,1,1,NA,44,-2,0,3,-1,0,Resentment,1,Windproof,1,NA,NA,NA,NA
451,Ingot,Ingot_Vambraces_Alpha,Arms,Alpha,High_Rank,6,2,NA,NA,44,-2,0,3,-1,0,Stun_Resistance,2,Resentment,1,NA,NA,NA,NA
452,Ingot,Ingot_Coil_Alpha,Waist,Alpha,High_Rank,6,1,1,1,44,-2,0,3,-1,0,Resentment,1,Divine_Blessing,1,NA,NA,NA,NA
453,Ingot,Ingot_Greaves_Alpha,Legs,Alpha,High_Rank,6,2,NA,NA,44,-2,0,3,-1,0,Resentment,1,Windproof,1,NA,NA,NA,NA
454,King_Beetle,King_Beetle_Vertex_Alpha,Helm,Alpha,High_Rank,6,2,NA,NA,44,-1,-1,2,0,2,Heroics,1,Foray,1,Sleep_Resistance,1,Imparted_Wisdom,NA
455,King_Beetle,King_Beetle_Thorax_Alpha,Chest,Alpha,High_Rank,6,2,NA,NA,44,-1,-1,2,0,2,Heroics,1,Foray,1,Paralysis_Resistance,1,Imparted_Wisdom,NA
456,King_Beetle,King_Beetle_Brachia_Alpha,Arms,Alpha,High_Rank,6,2,NA,NA,44,-1,-1,2,0,2,Heroics,1,Foray,1,Poison_Resistance,1,Imparted_Wisdom,NA
457,King_Beetle,King_Beetle_Elytra_Alpha,Waist,Alpha,High_Rank,6,2,NA,NA,44,-1,-1,2,0,2,Heroics,1,Flayer,1,Paralysis_Resistance,1,Imparted_Wisdom,NA
458,King_Beetle,King_Beetle_Crura_Alpha,Legs,Alpha,High_Rank,6,2,NA,NA,44,-1,-1,2,0,2,Heroics,1,Flayer,1,Poison_Resistance,1,Imparted_Wisdom,NA
459,Kunafa,Kunafa_Headgear_Alpha,Helm,Alpha,High_Rank,6,2,NA,NA,44,1,1,4,1,1,Wide-Range,2,Palico_Rally,1,NA,NA,Imparted_Wisdom,NA
460,Kunafa,Kunafa_Cloak_Alpha,Chest,Alpha,High_Rank,6,2,NA,NA,44,1,1,4,1,1,Free_Meal,2,Palico_Rally,1,NA,NA,Imparted_Wisdom,NA
461,Kunafa,Kunafa_Sash_Alpha,Waist,Alpha,High_Rank,6,2,NA,NA,44,1,1,4,1,1,Speed_Eating,2,Palico_Rally,1,NA,NA,Imparted_Wisdom,NA
462,Kunafa,Kunafa_Chaps_Alpha,Legs,Alpha,High_Rank,6,2,NA,NA,44,1,1,4,1,1,Wide-Range,2,Palico_Rally,1,NA,NA,Imparted_Wisdom,NA
463,Lovely,Lovely_Shades_Alpha,Helm,Alpha,High_Rank,6,1,NA,NA,48,4,0,4,0,2,Mushroomancer,3,NA,NA,NA,NA,NA,NA
464,Melahoa,Melahoa_Hat_Alpha,Helm,Alpha,High_Rank,6,2,NA,NA,44,0,1,3,0,0,Survival_Expert,3,Poison_Resistance,1,NA,NA,Imparted_Wisdom,NA
465,Melahoa,Melahoa_Jacket_Alpha,Chest,Alpha,High_Rank,6,2,NA,NA,44,0,1,3,0,0,Tool_Specialist,3,NA,NA,NA,NA,Imparted_Wisdom,NA
466,Melahoa,Melahoa_Branch_Alpha,Arms,Alpha,High_Rank,6,2,NA,NA,44,0,1,3,0,0,Recovery_Speed,3,Paralysis_Resistance,1,NA,NA,Imparted_Wisdom,NA
467,Melahoa,Melahoa_Folia_Alpha,Waist,Alpha,High_Rank,6,2,NA,NA,44,0,1,3,0,0,Recovery_Up,3,Bleeding_Resistance,1,NA,NA,Imparted_Wisdom,NA
468,Melahoa,Melahoa_Roots_Alpha,Legs,Alpha,High_Rank,6,2,NA,NA,44,0,1,3,0,0,Mushroomancer,3,NA,NA,NA,NA,Imparted_Wisdom,NA
469,Mizutsune,Mizutsune_Helm_Alpha,Helm,Alpha,High_Rank,6,3,NA,NA,48,0,2,-3,1,-1,Evade_Extender,1,Aquatic-Oilsilt_Mobility,2,NA,NA,Mizutsune's_Prowess,Mizutsune's_Prowess
470,Mizutsune,Mizutsune_Mail_Alpha,Chest,Alpha,High_Rank,6,1,2,NA,48,0,2,-3,1,-1,Constitution,1,Burst,2,NA,NA,Mizutsune's_Prowess,Mizutsune's_Prowess
471,Mizutsune,Mizutsune_Braces_Alpha,Arms,Alpha,High_Rank,6,1,NA,NA,48,0,2,-3,1,-1,Evade_Extender,2,Evade_Window,2,NA,NA,Mizutsune's_Prowess,Mizutsune's_Prowess
472,Mizutsune,Mizutsune_Coil_Alpha,Waist,Alpha,High_Rank,6,2,1,NA,48,0,2,-3,1,-1,Constitution,2,Burst,1,NA,NA,Mizutsune's_Prowess,Mizutsune's_Prowess
473,Mizutsune,Mizutsune_Greaves_Alpha,Legs,Alpha,High_Rank,6,1,NA,NA,48,0,2,-3,1,-1,Peak_Performance,1,Burst,2,NA,NA,Mizutsune's_Prowess,Mizutsune's_Prowess
474,Mizutsune,Mizutsune_Helm_Beta,Helm,Beta,High_Rank,6,3,2,NA,48,0,2,-3,1,-1,Aquatic-Oilsilt_Mobility,2,NA,NA,NA,NA,Mizutsune's_Prowess,Mizutsune's_Prowess
475,Mizutsune,Mizutsune_Mail_Beta,Chest,Beta,High_Rank,6,2,2,NA,48,0,2,-3,1,-1,Constitution,1,Burst,1,NA,NA,Mizutsune's_Prowess,Mizutsune's_Prowess
476,Mizutsune,Mizutsune_Braces_Beta,Arms,Beta,High_Rank,6,3,NA,NA,48,0,2,-3,1,-1,Evade_Extender,1,Evade_Window,2,NA,NA,Mizutsune's_Prowess,Mizutsune's_Prowess
477,Mizutsune,Mizutsune_Coil_Beta,Waist,Beta,High_Rank,6,2,1,NA,48,0,2,-3,1,-1,Constitution,2,NA,NA,NA,NA,Mizutsune's_Prowess,Mizutsune's_Prowess
478,Mizutsune,Mizutsune_Greaves_Beta,Legs,Beta,High_Rank,6,1,NA,NA,48,0,2,-3,1,-1,Burst,2,NA,NA,NA,NA,Mizutsune's_Prowess,Mizutsune's_Prowess
479,Rathalos,Rathalos_Helm_Alpha,Helm,Alpha,High_Rank,6,1,1,NA,48,3,1,-2,1,-3,Evade_Window,2,Constitution,1,NA,NA,Scaling_Prowess,Rathalos's_Flare
480,Rathalos,Rathalos_Mail_Alpha,Chest,Alpha,High_Rank,6,1,NA,NA,48,3,1,-2,1,-3,Adrenaline_Rush,2,Constitution,1,NA,NA,Scaling_Prowess,Rathalos's_Flare
481,Rathalos,Rathalos_Vambraces_Alpha,Arms,Alpha,High_Rank,6,1,1,NA,48,3,1,-2,1,-3,Constitution,2,Evade_Window,1,NA,NA,Scaling_Prowess,Rathalos's_Flare
482,Rathalos,Rathalos_Coil_Alpha,Waist,Alpha,High_Rank,6,NA,NA,NA,48,3,1,-2,1,-3,Adrenaline_Rush,2,Evade_Window,1,NA,NA,Scaling_Prowess,Rathalos's_Flare
483,Rathalos,Rathalos_Greaves_Alpha,Legs,Alpha,High_Rank,6,2,NA,NA,48,3,1,-2,1,-3,Evade_Window,2,Adrenaline_Rush,1,NA,NA,Scaling_Prowess,Rathalos's_Flare
484,Rathalos,Rathalos_Helm_Beta,Helm,Beta,High_Rank,6,2,2,NA,48,3,1,-2,1,-3,Constitution,1,Evade_Window,1,NA,NA,Scale_Layering,Rathalos's_Flare
485,Rathalos,Rathalos_Mail_Beta,Chest,Beta,High_Rank,6,1,1,NA,48,3,1,-2,1,-3,Adrenaline_Rush,2,NA,NA,NA,NA,Scale_Layering,Rathalos's_Flare
486,Rathalos,Rathalos_Vambraces_Beta,Arms,Beta,High_Rank,6,2,1,1,48,3,1,-2,1,-3,Constitution,2,NA,NA,NA,NA,Scale_Layering,Rathalos's_Flare
487,Rathalos,Rathalos_Coil_Beta,Waist,Beta,High_Rank,6,2,NA,NA,48,3,1,-2,1,-3,Adrenaline_Rush,2,NA,NA,NA,NA,Scale_Layering,Rathalos's_Flare
488,Rathalos,Rathalos_Greaves_Beta,Legs,Beta,High_Rank,6,2,2,1,48,3,1,-2,1,-3,Evade_Window,2,NA,NA,NA,NA,Scale_Layering,Rathalos's_Flare
489,Sild,Sild_Hood_Alpha,Helm,Alpha,High_Rank,6,2,1,1,44,1,1,1,1,4,Botanist,3,NA,NA,NA,NA,Imparted_Wisdom,NA
490,Sild,Sild_Coat_Alpha,Chest,Alpha,High_Rank,6,2,NA,NA,44,1,1,1,1,4,Wide-Range,4,NA,NA,NA,NA,Imparted_Wisdom,NA
491,Suja,Suja_Sash_Alpha,Waist,Alpha,High_Rank,6,2,1,1,44,1,1,1,4,1,Divine_Blessing,3,NA,NA,NA,NA,Imparted_Wisdom,NA
492,Xu_Wu,Xu_Wu_Helm_Alpha,Helm,Alpha,High_Rank,6,1,NA,NA,48,1,1,1,-3,2,Adrenaline_Rush,2,Ambush,1,NA,NA,Flexible_Leathercraft,NA
493,Xu_Wu,Xu_Wu_Mail_Alpha,Chest,Alpha,High_Rank,6,NA,NA,NA,48,1,1,1,-3,2,Heroics,3,Ambush,1,NA,NA,Flexible_Leathercraft,NA
494,Xu_Wu,Xu_Wu_Vambraces_Alpha,Arms,Alpha,High_Rank,6,2,1,NA,48,1,1,1,-3,2,Earplugs,2,NA,NA,NA,NA,Flexible_Leathercraft,NA
495,Xu_Wu,Xu_Wu_Coil_Alpha,Waist,Alpha,High_Rank,6,2,NA,NA,48,1,1,1,-3,2,Heroics,2,Earplugs,1,NA,NA,Flexible_Leathercraft,NA
496,Xu_Wu,Xu_Wu_Greaves_Alpha,Legs,Alpha,High_Rank,6,2,1,NA,48,1,1,1,-3,2,Adrenaline_Rush,1,Ambush,1,NA,NA,Flexible_Leathercraft,NA
497,Xu_Wu,Xu_Wu_Helm_Beta,Helm,Beta,High_Rank,6,2,1,NA,48,1,1,1,-3,2,Adrenaline_Rush,2,NA,NA,NA,NA,Buttery_Leathercraft,NA
498,Xu_Wu,Xu_Wu_Mail_Beta,Chest,Beta,High_Rank,6,1,1,NA,48,1,1,1,-3,2,Heroics,3,NA,NA,NA,NA,Buttery_Leathercraft,NA
499,Xu_Wu,Xu_Wu_Vambraces_Beta,Arms,Beta,High_Rank,6,2,2,1,48,1,1,1,-3,2,Earplugs,1,NA,NA,NA,NA,Buttery_Leathercraft,NA
500,Xu_Wu,Xu_Wu_Coil_Beta,Waist,Beta,High_Rank,6,2,1,1,48,1,1,1,-3,2,Heroics,1,Earplugs,1,NA,NA,Buttery_Leathercraft,NA
501,Xu_Wu,Xu_Wu_Greaves_Beta,Legs,Beta,High_Rank,6,2,2,1,48,1,1,1,-3,2,Adrenaline_Rush,1,NA,NA,NA,NA,Buttery_Leathercraft,NA
502,Dahaad,Dahaad_Shardhelm_Alpha,Helm,Alpha,High_Rank,7,1,NA,NA,60,-3,2,-1,2,-1,Weakness_Exploit,1,Agitator,1,NA,NA,Lord's_Favor,Jin_Dahaad's_Revolt
503,Dahaad,Dahaad_Shardmail_Alpha,Chest,Alpha,High_Rank,7,3,1,NA,60,-3,2,-1,2,-1,Bind_Resistance,2,Adaptability,1,NA,NA,Lord's_Favor,Jin_Dahaad's_Revolt
504,Dahaad,Dahaad_Shardbraces_Alpha,Arms,Alpha,High_Rank,7,NA,NA,NA,60,-3,2,-1,2,-1,Agitator,2,Adaptability,1,NA,NA,Lord's_Favor,Jin_Dahaad's_Revolt
505,Dahaad,Dahaad_Shardcoil_Alpha,Waist,Alpha,High_Rank,7,1,1,NA,60,-3,2,-1,2,-1,Tremor_Resistance,2,Weakness_Exploit,1,NA,NA,Lord's_Favor,Jin_Dahaad's_Revolt
506,Dahaad,Dahaad_Shardgreaves_Alpha,Legs,Alpha,High_Rank,7,1,NA,NA,60,-3,2,-1,2,-1,Agitator,2,Tremor_Resistance,1,NA,NA,Lord's_Favor,Jin_Dahaad's_Revolt
507,Dahaad,Dahaad_Shardhelm_Beta,Helm,Beta,High_Rank,7,2,2,NA,60,-3,2,-1,2,-1,Agitator,1,NA,NA,NA,NA,Lord's_Fury,Jin_Dahaad's_Revolt
508,Dahaad,Dahaad_Shardmail_Beta,Chest,Beta,High_Rank,7,3,2,NA,60,-3,2,-1,2,-1,Bind_Resistance,1,Adaptability,1,NA,NA,Lord's_Fury,Jin_Dahaad's_Revolt
509,Dahaad,Dahaad_Shardbraces_Beta,Arms,Beta,High_Rank,7,3,NA,NA,60,-3,2,-1,2,-1,Agitator,1,Adaptability,1,NA,NA,Lord's_Fury,Jin_Dahaad's_Revolt
510,Dahaad,Dahaad_Shardcoil_Beta,Waist,Beta,High_Rank,7,1,1,1,60,-3,2,-1,2,-1,Weakness_Exploit,1,Tremor_Resistance,1,NA,NA,Lord's_Fury,Jin_Dahaad's_Revolt
511,Dahaad,Dahaad_Shardgreaves_Beta,Legs,Beta,High_Rank,7,2,NA,NA,60,-3,2,-1,2,-1,Agitator,2,NA,NA,NA,NA,Lord's_Fury,Jin_Dahaad's_Revolt
512,Damascus,Damascus_Helm_Alpha,Helm,Alpha,High_Rank,7,3,1,NA,56,4,-2,0,0,0,Divine_Blessing,2,Wide-Range,1,NA,NA,NA,NA
513,Damascus,Damascus_Mail_Alpha,Chest,Alpha,High_Rank,7,2,2,NA,56,4,-2,0,0,0,Recovery_Up,2,Wide-Range,1,NA,NA,NA,NA
514,Damascus,Damascus_Vambraces_Alpha,Arms,Alpha,High_Rank,7,3,1,NA,56,4,-2,0,0,0,Wide-Range,1,Divine_Blessing,1,NA,NA,NA,NA
515,Damascus,Damascus_Coil_Alpha,Waist,Alpha,High_Rank,7,3,2,NA,56,4,-2,0,0,0,Wide-Range,1,Recovery_Up,1,NA,NA,NA,NA
516,Damascus,Damascus_Greaves_Alpha,Legs,Alpha,High_Rank,7,3,NA,NA,56,4,-2,0,0,0,Item_Prolonger,2,Wide-Range,1,NA,NA,NA,NA
517,Dober,Dober_Helm_Alpha,Helm,Alpha,High_Rank,7,3,NA,NA,56,-2,0,-1,-1,4,Constitution,1,Stamina_Surge,1,NA,NA,NA,NA
518,Dober,Dober_Mail_Alpha,Chest,Alpha,High_Rank,7,3,2,NA,56,-2,0,-1,-1,4,Constitution,1,Marathon_Runner,1,NA,NA,NA,NA
519,Dober,Dober_Vambraces_Alpha,Arms,Alpha,High_Rank,7,3,NA,NA,56,-2,0,-1,-1,4,Stamina_Surge,2,Constitution,1,NA,NA,NA,NA
520,Dober,Dober_Coil_Alpha,Waist,Alpha,High_Rank,7,3,1,NA,56,-2,0,-1,-1,4,Marathon_Runner,2,Constitution,1,NA,NA,NA,NA
521,Dober,Dober_Greaves_Alpha,Legs,Alpha,High_Rank,7,2,2,NA,56,-2,0,-1,-1,4,Mushroomancer,2,Constitution,1,NA,NA,NA,NA
522,Duna,Duna_Wildmail_Alpha,Chest,Alpha,High_Rank,7,3,NA,NA,60,-1,4,-3,0,0,Tool_Specialist,2,Aquatic-Oilsilt_Mobility,1,NA,NA,Lord's_Favor,Uth_Duna's_Cover
523,Duna,Duna_Wildbraces_Alpha,Arms,Alpha,High_Rank,7,2,1,NA,60,-1,4,-3,0,0,Peak_Performance,2,Quick_Sheathe,1,NA,NA,Lord's_Favor,Uth_Duna's_Cover
524,Duna,Duna_Wildcoil_Alpha,Waist,Alpha,High_Rank,7,2,1,NA,60,-1,4,-3,0,0,Peak_Performance,2,Aquatic-Oilsilt_Mobility,1,NA,NA,Lord's_Favor,Uth_Duna's_Cover
525,Duna,Duna_Wildgreaves_Alpha,Legs,Alpha,High_Rank,7,3,NA,NA,60,-1,4,-3,0,0,Peak_Performance,1,Tool_Specialist,1,NA,NA,Lord's_Favor,Uth_Duna's_Cover
526,Duna,Duna_Wildhelm_Beta,Helm,Beta,High_Rank,7,3,2,NA,60,-1,4,-3,0,0,Tool_Specialist,1,Earplugs,1,NA,NA,Lord's_Fury,Uth_Duna's_Cover
527,Duna,Duna_Wildmail_Beta,Chest,Beta,High_Rank,7,3,1,NA,60,-1,4,-3,0,0,Tool_Specialist,2,NA,NA,NA,NA,Lord's_Fury,Uth_Duna's_Cover
528,Duna,Duna_Wildbraces_Beta,Arms,Beta,High_Rank,7,3,1,1,60,-1,4,-3,0,0,Peak_Performance,1,Quick_Sheathe,1,NA,NA,Lord's_Fury,Uth_Duna's_Cover
529,Duna,Duna_Wildcoil_Beta,Waist,Beta,High_Rank,7,3,1,NA,60,-1,4,-3,0,0,Peak_Performance,2,NA,NA,NA,NA,Lord's_Fury,Uth_Duna's_Cover
530,Duna,Duna_Wildgreaves_Beta,Legs,Beta,High_Rank,7,3,1,1,60,-1,4,-3,0,0,Peak_Performance,1,NA,NA,NA,NA,Lord's_Fury,Uth_Duna's_Cover
531,Gore,Gore_Helm_Alpha,Helm,Alpha,High_Rank,7,2,NA,NA,60,-2,3,-1,2,-1,Evade_Window,2,Coalescence,1,NA,NA,Scaling_Prowess,Gore_Magala's_Tyranny
532,Gore,Gore_Mail_Alpha,Chest,Alpha,High_Rank,7,3,NA,NA,60,-2,3,-1,2,-1,Evade_Window,2,Antivirus,1,NA,NA,Scaling_Prowess,Gore_Magala's_Tyranny
533,Gore,Gore_Vambraces_Alpha,Arms,Alpha,High_Rank,7,2,1,NA,60,-2,3,-1,2,-1,Constitution,2,Evade_Window,1,NA,NA,Scaling_Prowess,Gore_Magala's_Tyranny
534,Gore,Gore_Coil_Alpha,Waist,Alpha,High_Rank,7,3,1,NA,60,-2,3,-1,2,-1,Constitution,2,Antivirus,1,NA,NA,Scaling_Prowess,Gore_Magala's_Tyranny
535,Gore,Gore_Greaves_Alpha,Legs,Alpha,High_Rank,7,3,1,NA,60,-2,3,-1,2,-1,Flinch_Free,2,Antivirus,1,NA,NA,Scaling_Prowess,Gore_Magala's_Tyranny
536,Gore,Gore_Helm_Beta,Helm,Beta,High_Rank,7,3,1,NA,60,-2,3,-1,2,-1,Evade_Window,1,Coalescence,1,NA,NA,Scale_Layering,Gore_Magala's_Tyranny
537,Gore,Gore_Mail_Beta,Chest,Beta,High_Rank,7,3,1,NA,60,-2,3,-1,2,-1,Evade_Window,2,NA,NA,NA,NA,Scale_Layering,Gore_Magala's_Tyranny
538,Gore,Gore_Vambraces_Beta,Arms,Beta,High_Rank,7,2,2,NA,60,-2,3,-1,2,-1,Constitution,1,Evade_Window,1,NA,NA,Scale_Layering,Gore_Magala's_Tyranny
539,Gore,Gore_Coil_Beta,Waist,Beta,High_Rank,7,3,2,NA,60,-2,3,-1,2,-1,Constitution,2,NA,NA,NA,NA,Scale_Layering,Gore_Magala's_Tyranny
540,Gore,Gore_Greaves_Beta,Legs,Beta,High_Rank,7,3,1,1,60,-2,3,-1,2,-1,Antivirus,1,Flinch_Free,1,NA,NA,Scale_Layering,Gore_Magala's_Tyranny
541,Lagiacrus,Lagiacrus_Helm_Alpha,Helm,Alpha,High_Rank,7,2,1,NA,64,-3,2,4,-1,-2,Maximum_Might,2,Latent_Power,1,NA,NA,Flexible_Leathercraft,Leviathan's_Fury
542,Lagiacrus,Lagiacrus_Mail_Alpha,Chest,Alpha,High_Rank,7,2,1,NA,64,-3,2,4,-1,-2,Weakness_Exploit,1,Stamina_Surge,1,NA,NA,Flexible_Leathercraft,Leviathan's_Fury
543,Lagiacrus,Lagiacrus_Braces_Alpha,Arms,Alpha,High_Rank,7,2,1,NA,64,-3,2,4,-1,-2,Stamina_Surge,2,Weakness_Exploit,1,Aquatic/Oilsilt_Mobility,1,Flexible_Leathercraft,Leviathan's_Fury
544,Lagiacrus,Lagiacrus_Coil_Alpha,Waist,Alpha,High_Rank,7,2,1,1,64,-3,2,4,-1,-2,Weakness_Exploit,1,Maximum_Might,1,Aquatic-Oilsilt_Mobility,1,Flexible_Leathercraft,Leviathan's_Fury
545,Lagiacrus,Lagiacrus_Greaves_Alpha,Legs,Alpha,High_Rank,7,NA,NA,NA,64,-3,2,4,-1,-2,Weakness_Exploit,2,Latent_Power,1,Thunder_Resistance,1,Flexible_Leathercraft,Leviathan's_Fury
546,Lagiacrus,Lagiacrus_Helm_Beta,Helm,Beta,High_Rank,7,3,2,1,64,-3,2,4,-1,-2,Maximum_Might,2,NA,NA,NA,NA,Buttery_Leathercraft,Leviathan's_Fury
547,Lagiacrus,Lagiacrus_Mail_Beta,Chest,Beta,High_Rank,7,2,2,1,64,-3,2,4,-1,-2,Weakness_Exploit,1,Stamina_Surge,1,NA,NA,Buttery_Leathercraft,Leviathan's_Fury
548,Lagiacrus,Lagiacrus_Braces_Beta,Arms,Beta,High_Rank,7,2,1,NA,64,-3,2,4,-1,-2,Stamina_Surge,2,Weakness_Exploit,1,NA,NA,Buttery_Leathercraft,Leviathan's_Fury
549,Lagiacrus,Lagiacrus_Coil_Beta,Waist,Beta,High_Rank,7,2,2,1,64,-3,2,4,-1,-2,Weakness_Exploit,1,Maximum_Might,1,NA,NA,Buttery_Leathercraft,Leviathan's_Fury
550,Lagiacrus,Lagiacrus_Greaves_Beta,Legs,Beta,High_Rank,7,1,NA,NA,64,-3,2,4,-1,-2,Weakness_Exploit,2,Latent_Power,1,NA,NA,Buttery_Leathercraft,Leviathan's_Fury
551,Pinion,Pinion_Necklace_Alpha,Chest,Alpha,High_Rank,7,NA,NA,NA,60,0,0,0,0,0,Heroics,2,Agitator,1,NA,NA,NA,NA
552,Regios,Regios_Helm_Alpha,Helm,Alpha,High_Rank,7,3,NA,NA,64,4,0,-3,-2,0,Adrenaline_Rush,1,Counterstrike,1,Bleeding_Resistance,1,Scaling_Prowess,Seregios's_Tenacity
553,Regios,Regios_Mail_Alpha,Chest,Alpha,High_Rank,7,1,NA,NA,64,4,0,-3,-2,0,Evade_Window,2,Agitator,1,Counterstrike,1,Scaling_Prowess,Seregios's_Tenacity
554,Regios,Regios_Vambraces_Alpha,Arms,Alpha,High_Rank,7,2,NA,NA,64,4,0,-3,-2,0,Adrenaline_Rush,2,Evade_Extender,1,NA,NA,Scaling_Prowess,Seregios's_Tenacity
555,Regios,Regios_Coil_Alpha,Waist,Alpha,High_Rank,7,2,NA,NA,64,4,0,-3,-2,0,Evade_Window,2,Agitator,1,Bleeding_Resistance,1,Scaling_Prowess,Seregios's_Tenacity
556,Regios,Regios_Greaves_Alpha,Legs,Alpha,High_Rank,7,NA,NA,NA,64,4,0,-3,-2,0,Adrenaline_Rush,2,Agitator,1,Bleeding_Resistance,1,Scaling_Prowess,Seregios's_Tenacity
557,Regios,Regios_Helm_Beta,Helm,Beta,High_Rank,7,3,1,1,64,4,0,-3,-2,0,Adrenaline_Rush,1,Bleeding_Resistance,1,NA,NA,Scale_Layering,Seregios's_Tenacity
558,Regios,Regios_Mail_Beta,Chest,Beta,High_Rank,7,2,1,NA,64,4,0,-3,-2,0,Evade_Window,2,Agitator,1,NA,NA,Scale_Layering,Seregios's_Tenacity
559,Regios,Regios_Vambraces_Beta,Arms,Beta,High_Rank,7,3,1,NA,64,4,0,-3,-2,0,Adrenaline_Rush,2,NA,NA,NA,NA,Scale_Layering,Seregios's_Tenacity
560,Regios,Regios_Coil_Beta,Waist,Beta,High_Rank,7,3,1,1,64,4,0,-3,-2,0,Agitator,1,Evade_Window,1,NA,NA,Scale_Layering,Seregios's_Tenacity
561,Regios,Regios_Greaves_Beta,Legs,Beta,High_Rank,7,1,NA,NA,64,4,0,-3,-2,0,Adrenaline_Rush,2,Agitator,1,NA,NA,Scale_Layering,Seregios's_Tenacity
562,Rey,Rey_Sandhelm_Alpha,Helm,Alpha,High_Rank,7,NA,NA,NA,60,0,-2,4,-3,0,Maximum_Might,2,Stamina_Surge,1,NA,NA,Lord's_Favor,Rey_Dau's_Voltage
563,Rey,Rey_Sandmail_Alpha,Chest,Alpha,High_Rank,7,1,1,NA,60,0,-2,4,-3,0,Maximum_Might,2,Stamina_Surge,1,NA,NA,Lord's_Favor,Rey_Dau's_Voltage
564,Rey,Rey_Sandbraces_Alpha,Arms,Alpha,High_Rank,7,2,NA,NA,60,0,-2,4,-3,0,Latent_Power,2,Stun_Resistance,1,NA,NA,Lord's_Favor,Rey_Dau's_Voltage
565,Rey,Rey_Sandcoil_Alpha,Waist,Alpha,High_Rank,7,2,NA,NA,60,0,-2,4,-3,0,Stun_Resistance,2,Stamina_Surge,1,NA,NA,Lord's_Favor,Rey_Dau's_Voltage
566,Rey,Rey_Sandgreaves_Alpha,Legs,Alpha,High_Rank,7,3,NA,NA,60,0,-2,4,-3,0,Latent_Power,1,Maximum_Might,1,NA,NA,Lord's_Favor,Rey_Dau's_Voltage
567,Rey,Rey_Sandhelm_Beta,Helm,Beta,High_Rank,7,3,NA,NA,60,0,-2,4,-3,0,Latent_Power,1,Evade_Extender,1,NA,NA,Lord's_Fury,Rey_Dau's_Voltage
568,Rey,Rey_Sandmail_Beta,Chest,Beta,High_Rank,7,2,1,1,60,0,-2,4,-3,0,Maximum_Might,1,Stamina_Surge,1,NA,NA,Lord's_Fury,Rey_Dau's_Voltage
569,Rey,Rey_Sandbraces_Beta,Arms,Beta,High_Rank,7,3,NA,NA,60,0,-2,4,-3,0,Latent_Power,2,NA,NA,NA,NA,Lord's_Fury,Rey_Dau's_Voltage
570,Rey,Rey_Sandcoil_Beta,Waist,Beta,High_Rank,7,3,1,NA,60,0,-2,4,-3,0,Stun_Resistance,2,Stamina_Surge,1,NA,NA,Lord's_Fury,Rey_Dau's_Voltage
571,Rey,Rey_Sandgreaves_Beta,Legs,Beta,High_Rank,7,3,1,1,60,0,-2,4,-3,0,Latent_Power,1,NA,NA,NA,NA,Lord's_Fury,Rey_Dau's_Voltage
572,Udra,Udra_Mirehelm_Alpha,Helm,Alpha,High_Rank,7,1,1,NA,60,5,-4,0,1,0,Resentment,2,Counterstrike,1,NA,NA,Lord's_Favor,Nu_Udra's_Mutiny
573,Udra,Udra_Miremail_Alpha,Chest,Alpha,High_Rank,7,1,1,NA,60,5,-4,0,1,0,Resentment,1,Burst,1,NA,NA,Lord's_Favor,Nu_Udra's_Mutiny
574,Udra,Udra_Mirebraces_Alpha,Arms,Alpha,High_Rank,7,2,NA,NA,60,5,-4,0,1,0,Counterstrike,2,Speed_Eating,1,NA,NA,Lord's_Favor,Nu_Udra's_Mutiny
575,Udra,Udra_Mirecoil_Alpha,Waist,Alpha,High_Rank,7,2,NA,NA,60,5,-4,0,1,0,Resentment,2,Speed_Eating,1,NA,NA,Lord's_Favor,Nu_Udra's_Mutiny
576,Udra,Udra_Miregreaves_Alpha,Legs,Alpha,High_Rank,7,3,NA,NA,60,5,-4,0,1,0,Windproof,2,Burst,1,NA,NA,Lord's_Favor,Nu_Udra's_Mutiny
577,Udra,Udra_Mirehelm_Beta,Helm,Beta,High_Rank,7,2,2,NA,60,5,-4,0,1,0,Resentment,1,Counterstrike,1,NA,NA,Lord's_Fury,Nu_Udra's_Mutiny
578,Udra,Udra_Miremail_Beta,Chest,Beta,High_Rank,7,3,1,1,60,5,-4,0,1,0,Resentment,1,NA,NA,NA,NA,Lord's_Fury,Nu_Udra's_Mutiny
579,Udra,Udra_Mirebraces_Beta,Arms,Beta,High_Rank,7,3,1,NA,60,5,-4,0,1,0,Speed_Eating,2,Counterstrike,1,NA,NA,Lord's_Fury,Nu_Udra's_Mutiny
580,Udra,Udra_Mirecoil_Beta,Waist,Beta,High_Rank,7,3,NA,NA,60,5,-4,0,1,0,Resentment,2,NA,NA,NA,NA,Lord's_Fury,Nu_Udra's_Mutiny
581,Udra,Udra_Miregreaves_Beta,Legs,Beta,High_Rank,7,3,1,NA,60,5,-4,0,1,0,Burst,1,Windproof,1,NA,NA,Lord's_Fury,Nu_Udra's_Mutiny
582,Arkvulcan,Arkvulcan_Helm_Alpha,Helm,Alpha,High_Rank,8,NA,NA,NA,66,2,0,-1,0,-3,Elemental_Absorption,2,Convert_Element,1,NA,NA,Fortifying_Pelt,Arkveld's_Hunger
583,Arkvulcan,Arkvulcan_Mail_Alpha,Chest,Alpha,High_Rank,8,2,NA,NA,66,2,0,-1,0,-3,Weakness_Exploit,1,Elemental_Absorption,1,NA,NA,Fortifying_Pelt,Arkveld's_Hunger
584,Arkvulcan,Arkvulcan_Vambraces_Alpha,Arms,Alpha,High_Rank,8,2,2,NA,66,2,0,-1,0,-3,Convert_Element,1,Recovery_Speed,1,NA,NA,Fortifying_Pelt,Arkveld's_Hunger
585,Arkvulcan,Arkvulcan_Coil_Alpha,Waist,Alpha,High_Rank,8,1,NA,NA,66,2,0,-1,0,-3,Weakness_Exploit,2,Recovery_Speed,1,NA,NA,Fortifying_Pelt,Arkveld's_Hunger
586,Arkvulcan,Arkvulcan_Greaves_Alpha,Legs,Alpha,High_Rank,8,2,1,NA,66,2,0,-1,0,-3,Quick_Sheathe,2,Convert_Element,1,NA,NA,Fortifying_Pelt,Arkveld's_Hunger
587,Arkvulcan,Arkvulcan_Helm_Beta,Helm,Beta,High_Rank,8,3,2,1,66,2,0,-1,0,-3,Convert_Element,1,NA,NA,NA,NA,Alluring_Pelt,Arkveld's_Hunger
588,Arkvulcan,Arkvulcan_Mail_Beta,Chest,Beta,High_Rank,8,3,2,NA,66,2,0,-1,0,-3,Weakness_Exploit,1,NA,NA,NA,NA,Alluring_Pelt,Arkveld's_Hunger
589,Arkvulcan,Arkvulcan_Vambraces_Beta,Arms,Beta,High_Rank,8,2,2,1,66,2,0,-1,0,-3,Convert_Element,1,NA,NA,NA,NA,Alluring_Pelt,Arkveld's_Hunger
590,Arkvulcan,Arkvulcan_Coil_Beta,Waist,Beta,High_Rank,8,1,1,NA,66,2,0,-1,0,-3,Weakness_Exploit,2,Recovery_Speed,1,NA,NA,Alluring_Pelt,Arkveld's_Hunger
591,Arkvulcan,Arkvulcan_Greaves_Beta,Legs,Beta,High_Rank,8,3,1,NA,66,2,0,-1,0,-3,Convert_Element,1,Quick_Sheathe,1,NA,NA,Alluring_Pelt,Arkveld's_Hunger
592,Aviator,Aviator_Shades_Alpha,Helm,Alpha,High_Rank,8,1,1,1,66,2,2,2,2,2,Windproof,3,Tool_Specialist,2,NA,NA,NA,NA
593,Bale,Bale_Burgeonet_Alpha,Helm,Alpha,High_Rank,8,1,1,NA,68,2,0,-2,0,3,Resentment,2,Maximum_Might,2,NA,NA,NA,Soul_of_the_Dark_Knight
594,Bale,Bale_Cuirass_Alpha,Chest,Alpha,High_Rank,8,2,NA,NA,68,2,0,-2,0,3,Quick_Sheathe,2,Latent_Power,2,NA,NA,NA,Soul_of_the_Dark_Knight
595,Bale,Bale_Gauntlets_Alpha,Arms,Alpha,High_Rank,8,3,NA,NA,68,2,0,-2,0,3,Resentment,1,Maximum_Might,1,Latent_Power,1,NA,Soul_of_the_Dark_Knight
596,Bale,Bale_Flanchard_Alpha,Waist,Alpha,High_Rank,8,3,2,1,68,2,0,-2,0,3,Resentment,1,Constitution,2,NA,NA,NA,Soul_of_the_Dark_Knight
597,Bale,Bale_Sollerets_Alpha,Legs,Alpha,High_Rank,8,2,NA,NA,68,2,0,-2,0,3,Resentment,1,Latent_Power,2,NA,NA,NA,Soul_of_the_Dark_Knight
598,Dragonking,Dragonking_Eyepatch_Alpha,Helm,Alpha,High_Rank,8,NA,NA,NA,60,0,0,0,0,0,Counterstrike,3,NA,NA,NA,NA,NA,NA
599,Duna,Duna_Wildhelm_Alpha,Helm,Alpha,High_Rank,8,2,1,NA,60,-1,4,-3,0,0,Tool_Specialist,2,Earplugs,1,NA,NA,Lord's_Favor,Uth_Duna's_Cover
600,Duna,Duna_Wildhelm_Gamma,Helm,Gamma,High_Rank,8,2,2,NA,68,-1,4,-3,0,0,Peak_Performance,2,Earplugs,1,NA,NA,Lord's_Soul,Uth_Duna's_Cover
601,Duna,Duna_Wildmail_Gamma,Chest,Gamma,High_Rank,8,NA,NA,NA,68,-1,4,-3,0,0,Peak_Performance,3,Earplugs,2,NA,NA,Lord's_Soul,Uth_Duna's_Cover
602,Duna,Duna_Wildbraces_Gamma,Arms,Gamma,High_Rank,8,2,NA,NA,68,-1,4,-3,0,0,Tool_Specialist,3,Agitator,1,NA,NA,Lord's_Soul,Uth_Duna's_Cover
603,Duna,Duna_Wildcoil_Gamma,Waist,Gamma,High_Rank,8,3,3,NA,68,-1,4,-3,0,0,Tool_Specialist,2,NA,NA,NA,NA,Lord's_Soul,Uth_Duna's_Cover
604,Duna,Duna_Wildgreaves_Gamma,Legs,Gamma,High_Rank,8,3,1,1,68,-1,4,-3,0,0,Quick_Sheathe,3,Agitator,1,NA,NA,Lord's_Soul,Uth_Duna's_Cover
605,G_Arkveld,G_Arkveld_Helm_Alpha,Helm,Alpha,High_Rank,8,1,1,NA,66,2,0,-1,0,-4,Partbreaker,2,Flayer,1,NA,NA,Guardian's_Pulse,Guardian_Arkveld's_Vitality
606,G_Arkveld,G_Arkveld_Mail_Alpha,Chest,Alpha,High_Rank,8,NA,NA,NA,66,2,0,-1,0,-4,Flayer,2,Blight_Resistance,1,NA,NA,Guardian's_Pulse,Guardian_Arkveld's_Vitality
607,G_Arkveld,G_Arkveld_Vambraces_Alpha,Arms,Alpha,High_Rank,8,1,NA,NA,66,2,0,-1,0,-4,Weakness_Exploit,2,Blight_Resistance,1,NA,NA,Guardian's_Pulse,Guardian_Arkveld's_Vitality
608,G_Arkveld,G_Arkveld_Coil_Alpha,Waist,Alpha,High_Rank,8,NA,NA,NA,66,2,0,-1,0,-4,Flayer,2,Elemental_Absorption,1,NA,NA,Guardian's_Pulse,Guardian_Arkveld's_Vitality
609,G_Arkveld,G_Arkveld_Greaves_Alpha,Legs,Alpha,High_Rank,8,NA,NA,NA,66,2,0,-1,0,-4,Elemental_Absorption,2,Weakness_Exploit,1,NA,NA,Guardian's_Pulse,Guardian_Arkveld's_Vitality
610,G_Arkveld,G_Arkveld_Helm_Beta,Helm,Beta,High_Rank,8,3,1,NA,66,2,0,-1,0,-4,Flayer,1,Partbreaker,1,NA,NA,Guardian's_Protection,Guardian_Arkveld's_Vitality
611,G_Arkveld,G_Arkveld_Mail_Beta,Chest,Beta,High_Rank,8,3,NA,NA,66,2,0,-1,0,-4,Blight_Resistance,2,Flayer,1,NA,NA,Guardian's_Protection,Guardian_Arkveld's_Vitality
612,G_Arkveld,G_Arkveld_Vambraces_Beta,Arms,Beta,High_Rank,8,1,1,1,66,2,0,-1,0,-4,Weakness_Exploit,2,NA,NA,NA,NA,Guardian's_Protection,Guardian_Arkveld's_Vitality
613,G_Arkveld,G_Arkveld_Coil_Beta,Waist,Beta,High_Rank,8,2,1,NA,66,2,0,-1,0,-4,Flayer,2,NA,NA,NA,NA,Guardian's_Protection,Guardian_Arkveld's_Vitality
614,G_Arkveld,G_Arkveld_Greaves_Beta,Legs,Beta,High_Rank,8,2,1,NA,66,2,0,-1,0,-4,Weakness_Exploit,1,Elemental_Absorption,1,NA,NA,Guardian's_Protection,Guardian_Arkveld's_Vitality
615,Guild_Ace,Guild_Ace_Earrings_Alpha,Helm,Alpha,High_Rank,8,3,NA,NA,60,2,2,2,2,2,Peak_Performance,1,Constitution,1,Foray,1,NA,NA
616,Guild_Ace,Guild_Ace_Mail_Alpha,Chest,Alpha,High_Rank,8,3,NA,NA,60,2,2,2,2,2,Peak_Performance,1,Constitution,1,Foray,1,NA,NA
617,Guild_Ace,Guild_Ace_Vambraces_Alpha,Arms,Alpha,High_Rank,8,3,NA,NA,60,2,2,2,2,2,Peak_Performance,1,Constitution,1,Foray,1,NA,NA
618,Guild_Ace,Guild_Ace_Coil_Alpha,Waist,Alpha,High_Rank,8,3,NA,NA,60,2,2,2,2,2,Peak_Performance,1,Constitution,1,Foray,1,NA,NA
619,Guild_Ace,Guild_Ace_Boots_Alpha,Legs,Alpha,High_Rank,8,3,NA,NA,60,2,2,2,2,2,Peak_Performance,1,Constitution,1,Foray,1,NA,NA
620,Kitten,Kitten_Frames_Alpha,Helm,Alpha,High_Rank,8,NA,NA,NA,66,2,0,4,0,4,Jump_Master,1,Evade_Extender,2,Ambush,3,NA,NA
621,Numinous,Numinous_Crown_Alpha,Helm,Alpha,High_Rank,8,3,2,NA,68,-2,2,2,0,-4,Recovery_Speed,2,Agitator,1,NA,NA,Guardian's_Pulse,Zoh_Shia's_Pulse
622,Numinous,Numinous_Shroud_Alpha,Chest,Alpha,High_Rank,8,1,NA,NA,68,-2,2,2,2,-4,Agitator,2,Counterstrike,1,NA,NA,Guardian's_Pulse,Zoh_Shia's_Pulse
623,Numinous,Numinous_Vambraces_Alpha,Arms,Alpha,High_Rank,8,2,NA,NA,68,-2,2,2,0,-4,Elemental_Absorption,2,Coalescence,1,NA,NA,Guardian's_Pulse,Zoh_Shia's_Pulse
624,Numinous,Numinous_Overlay_Alpha,Waist,Alpha,High_Rank,8,NA,NA,NA,68,-2,2,2,0,-4,Agitator,2,Coalescence,2,NA,NA,Guardian's_Pulse,Zoh_Shia's_Pulse
625,Numinous,Numinous_Greaves_Alpha,Legs,Alpha,High_Rank,8,2,1,NA,68,-2,2,2,0,-4,Recovery_Speed,1,Counterstrike,2,Elemental_Absorption,1,Guardian's_Pulse,Zoh_Shia's_Pulse
626,Numinous,Numinous_Crown_Beta,Helm,Beta,High_Rank,8,3,2,1,68,-2,2,2,0,-4,Recovery_Speed,1,Agitator,1,NA,NA,Guardian's_Protection,Zoh_Shia's_Pulse
627,Numinous,Numinous_Shroud_Beta,Chest,Beta,High_Rank,8,3,NA,NA,68,-2,2,2,2,-4,Agitator,2,NA,NA,NA,NA,Guardian's_Protection,Zoh_Shia's_Pulse
628,Numinous,Numinous_Vambraces_Beta,Arms,Beta,High_Rank,8,3,1,NA,68,-2,2,2,0,-1,Elemental_Absorption,2,NA,NA,NA,NA,Guardian's_Protection,Zoh_Shia's_Pulse
629,Numinous,Numinous_Overlay_Beta,Waist,Beta,High_Rank,8,2,NA,NA,68,-2,2,2,0,-4,Agitator,2,Coalescence,1,NA,NA,Guardian's_Protection,Zoh_Shia's_Pulse
630,Numinous,Numinous_Greaves_Beta,Legs,Beta,High_Rank,8,3,2,NA,68,-2,2,2,0,-4,Recovery_Speed,1,Counterstrike,1,Elemental_Absorption,1,Guardian's_Protection,Zoh_Shia's_Pulse
631,Omega,Omega_Ear_Cuffs_Alpha,Helm,Alpha,High_Rank,8,3,2,NA,68,3,0,-3,0,-2,Divine_Blessing,1,Weakness_Exploit,1,NA,NA,NA,Omega_Resonance
632,Omega,Omega_Suit_Alpha,Chest,Alpha,High_Rank,8,3,2,NA,68,3,0,-3,0,-2,Partbreaker,2,NA,NA,NA,NA,NA,Omega_Resonance
633,Omega,Omega_Vambraces_Alpha,Arms,Alpha,High_Rank,8,3,2,NA,68,3,0,-3,0,-2,Divine_Blessing,1,Agitator,1,NA,NA,NA,Omega_Resonance
634,Omega,Omega_Accessory_Alpha,Waist,Alpha,High_Rank,8,3,2,NA,68,3,0,-3,0,-2,Divine_Blessing,1,Burst,1,NA,NA,NA,Omega_Resonance
635,Omega,Omega_Boots_Alpha,Legs,Alpha,High_Rank,8,3,2,NA,68,3,0,-3,0,-2,Evade_Window,2,NA,NA,NA,NA,NA,Omega_Resonance
636,Rey,Rey_Sandhelm_Gamma,Helm,Gamma,High_Rank,8,3,NA,NA,68,0,-2,4,-3,0,Stamina_Surge,1,Weakness_Exploit,1,Maximum_Might,1,Lord's_Soul,Rey_Dau's_Voltage
637,Rey,Rey_Sandmail_Gamma,Chest,Gamma,High_Rank,8,1,NA,NA,68,0,-2,4,-3,0,Latent_Power,3,NA,NA,NA,NA,Lord's_Soul,Rey_Dau's_Voltage
638,Rey,Rey_Sandbraces_Gamma,Arms,Gamma,High_Rank,8,3,3,NA,68,0,-2,4,-3,0,Evade_Extender,2,NA,NA,NA,NA,Lord's_Soul,Rey_Dau's_Voltage
639,Rey,Rey_Sandcoil_Gamma,Waist,Gamma,High_Rank,8,NA,NA,NA,68,0,-2,4,-3,0,Latent_Power,2,Maximum_Might,2,NA,NA,Lord's_Soul,Rey_Dau's_Voltage
640,Rey,Rey_Sandgreaves_Gamma,Legs,Gamma,High_Rank,8,3,NA,NA,68,0,-2,4,-3,0,Stun_Resistance,3,Stamina_Surge,2,NA,NA,Lord's_Soul,Rey_Dau's_Voltage
641,Skull,Skull_Mask_Alpha,Helm,Alpha,High_Rank,8,2,NA,NA,66,-3,-1,-1,-1,2,Earplugs,3,Intimidator,3,NA,NA,NA,NA
642,Udra,Udra_Mirehelm_Gamma,Helm,Gamma,High_Rank,8,1,1,1,68,5,-4,0,1,0,Burst,3,NA,NA,NA,NA,Lord's_Soul,Nu_Udra's_Mutiny
643,Udra,Udra_Miremail_Gamma,Chest,Gamma,High_Rank,8,3,NA,NA,68,5,-4,0,1,0,Counterstrike,2,NA,NA,NA,NA,Lord's_Soul,Nu_Udra's_Mutiny
644,Udra,Udra_Mirebraces_Gamma,Arms,Gamma,High_Rank,8,3,1,1,68,5,-4,0,1,0,Resentment,3,NA,NA,NA,NA,Lord's_Soul,Nu_Udra's_Mutiny
645,Udra,Udra_Mirecoil_Gamma,Waist,Gamma,High_Rank,8,2,NA,NA,68,5,-4,0,1,0,Burst,2,Ambush,1,NA,NA,Lord's_Soul,Nu_Udra's_Mutiny
646,Udra,Udra_Miregreaves_Gamma,Legs,Gamma,High_Rank,8,2,NA,NA,68,5,-4,0,1,0,Resentment,2,Counterstrike,1,Speed_Eating,3,Lord's_Soul,Nu_Udra's_Mutiny