name,type,description,max_level,level_1_effect,level_2_effect,level_3_effect,level_4_effect,level_5_effect,level_6_effect,level_7_effect
Convert Water Resistance,Weapon Skill,Increases your weapon's elemental attack proportional to your water resistance.,1,Activates skill effect.,NA,NA,NA,NA,NA,NA
Attack Boost,Weapon Skill,Increases attack power.,5,Attack +3,Attack +5,Attack +7,Attack +2% Bonus: +8,Attack +4% Bonus: +9,NA,NA
Resentment,Armor Skill,"Increases attack when you have recoverable damage (the red portion of your Health Gauge).",5,Attack +5 while active.,Attack +10 while active.,Attack +15 while active.,Attack +20 while active.,Attack +25 while active.,NA,NA
Adrenaline Rush,Armor Skill,Temporarily increases attack power after executing a perfectly-timed evade just as a monster attacks.,5,Attack +10 while active.,Attack +15 while active.,Attack +20 while active.,Attack +25 while active.,Attack +30 while active.,NA,NA
Offensive Guard,Weapon Skill,Temporarily increases attack power after executing a perfectly-timed guard.,3,Attack +5% while active.,Attack +10% while active.,Attack +15% while active.,NA,NA,NA,NA
Shattering Reflection,Weapon Skill,Level 3 charged slashes deal area-of-effect damage upon hitting the ground.,1,Activates skill effect.,NA,NA,NA,NA,NA,NA
Peak Performance,Armor Skill,Increases attack when your health is full.,5,Attack +3 while active.,Attack +6 while active.,Attack +10 while active.,Attack +15 while active.,Attack +20 while active.,NA,NA
Counterstrike,Armor Skill,Temporarily increases attack power after being knocked back.,3,Attack +10 while active.,Attack +15 while active. Moderately extends effect time.,Attack +25 while active. Extends effect time.,NA,NA,NA,NA
Critical Boost,Weapon Skill,Increases the damage of critical hits.,5,Increases damage dealt by critical hits to 28%.,Increases damage dealt by critical hits to 31%.,Increases damage dealt by critical hits to 34%.,Increases damage dealt by critical hits to 37%.,Increases damage dealt by critical hits to 40%.,NA,NA
Critical Eye,Weapon Skill,Increases affinity.,5,Affinity +4%,Affinity +8%,Affinity +12%,Affinity +16%,Affinity +20%,NA,NA
Critical Draw,Weapon Skill,Increases affinity when performing draw attacks. (Not effective while riding.),3,Affinity +50%,Affinity +75%,Affinity +100%,NA,NA,NA,NA
Weakness Exploit,Armor Skill,"Increases the affinity of attacks that exploit a monster's weak points and wounds.",5,"Attacks that hit weak points gain affinity +5%, with an extra 3% on wounds.","Attacks that hit weak points gain affinity +10%, with an extra 5% on wounds.","Attacks that hit weak points gain affinity +15%, with an extra 10% on wounds.","Attacks that hit weak points have 20% increased affinity, with an extra 15% on wounds.","Attacks that hit weak points have 30% increased affinity, with an extra 20% on wounds.",NA,NA
Maximum Might,Armor Skill,Increases affinity if stamina is kept full for a period of time.,3,Affinity +10% while active,Affinity +20% while active,Affinity +30% while active,NA,NA,NA,NA
Fire Attack,Decoration Skill,"Increases fire element attack power. (Elemental attack power has a maximum limit.)",3,Fire attack +40,Fire attack +10% Bonus: +50,Fire attack +20% Bonus: +60,NA,NA,NA,NA
Water Attack,Decoration Skill,"Increases water element attack power. (Elemental attack power has a maximum limit.)",3,Water attack +40,Water attack +10% Bonus: +50,Water attack +20% Bonus: +60,NA,NA,NA,NA
Thunder Attack,Decoration Skill,"Increases thunder element attack power. (Elemental attack power has a maximum limit.)",3,Thunder attack +40,Thunder attack +10% Bonus: +50,Thunder attack +20% Bonus: +60,NA,NA,NA,NA
Ice Attack,Decoration Skill,"Increases ice element attack power. (Elemental attack power has a maximum limit.)",3,Ice attack +40,Ice attack +10% Bonus: +50,Ice attack +20% Bonus: +60,NA,NA,NA,NA
Dragon Attack,Decoration Skill,"Increases dragon element attack power. (Elemental attack power has a maximum limit.)",3,Dragon attack +40,Dragon attack +10% Bonus: +50,Dragon attack +20% Bonus: +60,NA,NA,NA,NA
Poison Attack,Decoration Skill,"Increases the rate of poison buildup. (Poison buildup has a maximum limit.)",3,Poison buildup +5% Bonus: +10,Poison buildup +10% Bonus: +20,Poison buildup +20% Bonus: +50,NA,NA,NA,NA
Paralysis Attack,Decoration Skill,"Increases the rate of paralysis buildup. (Paralysis buildup has a maximum limit.)",3,Paralysis buildup +5% Bonus: +10,Paralysis buildup +10% Bonus: +20,Paralysis buildup +20% Bonus: +50,NA,NA,NA,NA
Sleep Attack,Decoration Skill,"Increases the rate of sleep buildup. (Sleep buildup has a maximum limit.)",3,Sleep buildup +5% Bonus: +10,Sleep buildup +10% Bonus: +20,Sleep buildup +20% Bonus: +50,NA,NA,NA,NA
Blast Attack,Decoration Skill,"Increases the rate of blast buildup. (Blast buildup has a maximum limit.)",3,Blast buildup +5% Bonus: +10,Blast buildup +10% Bonus: +20,Blast buildup +20% Bonus: +50,NA,NA,NA,NA
Critical Element,Weapon Skill,"Increases elemental damage (fire, water, thunder, ice, dragon) when landing critical hits.",3,Slightly increases elemental damage while active.,Increases elemental damage while active.,Greatly increases elemental damage while active.,NA,NA,NA,NA
Critical Status,Weapon Skill,"Increases abnormal status effects (paralysis, poison, sleep, blast) when landing critical hits.",3,Slightly increases abnormal status effects when landing critical hits.,Increases abnormal status effects when landing critical hits.,Greatly increases abnormal status effects when landing critical hits.,NA,NA,NA,NA
Charge Master,Weapon Skill,Increases element power and status buildup for charged attacks.,3,Slightly increases elemental damage and status buildup for charged attacks.,Increases elemental damage and status buildup for charged attacks.,Greatly increases elemental damage and status buildup for charged attacks.,NA,NA,NA,NA
Convert Element,Armor Skill,"After taking elemental damage, temporarily grants you dragon element effects. (Cooldown after effect ends.)",3,"While active, deals extra dragon damage after dealing enough elemental damage. Slightly increases dragon attack.",Increases additional dragon damage and increases dragon attack.,Further increases additional dragon damage and greatly increases dragon attack,NA,NA,NA,NA
Handicraft,Decoration Skill,"Extends the weapon sharpness gauge. However, it will not increase the gauge past its maximum.",5,Weapon sharpness +10,Weapon sharpness +20,Weapon sharpness +30,Weapon sharpness +40,Weapon sharpness +50,NA,NA
Razor Sharp,Decoration Skill,Prevents your weapon from losing sharpness.,3,Grants a 10% chance of no sharpness loss.,Grants a 25% chance of no sharpness loss.,Grants a 50% chance of no sharpness loss.,NA,NA,NA,NA
Protective Polish,Weapon Skill,Weapon sharpness does not decrease for a set time after sharpening.,3,Grants no sharpness loss for 30 seconds after activation.,Grants no sharpness loss for 60 seconds after activation.,Grants no sharpness loss for 90 seconds after activation.,NA,NA,NA,NA
Mind's Eye,Decoration Skill,Your attacks are deflected less and deal more damage to hard targets.,3,"50% chance of your attacks not being deflected, +10% damage to hard targets.","100% chance of your attacks not being deflected, +15% damage to hard targets.","100% chance of your attacks not being deflected, +30% damage to hard targets.",NA,NA,NA,NA
Master's Touch,Weapon Skill,Prevents your weapon from losing sharpness during critical hits.,1,Grants an 80% chance of no sharpness loss while active.,NA,NA,NA,NA,NA,NA
Bludgeoner,Decoration Skill,Increases attack power when your weapon sharpness is low.,3,5% attack power when your sharpness gauge is yellow or lower.,10% attack power when your sharpness gauge is yellow or lower.,10% attack power when your sharpness gauge is green or lower.,NA,NA,NA,NA
Normal Shots,Decoration Skill,"Increases the attack power of Normal Ammo, normal arrows, and Flying Swallow Shot.",1,Slightly increases the power of specified ammo and arrows.,NA,NA,NA,NA,NA,NA
Piercing Shots,Decoration Skill,"Increases the attack of the bowgun's Pierce Ammo, and the bow's Dragon Piercer and Thousand Dragons.",1,Slightly increases the power of specified ammo and arrows.,NA,NA,NA,NA,NA,NA
Spread-Power Shots,Decoration Skill,"Increases the attack of the bowgun's Spread Ammo and the bow's Power Shots and Quick Shots.",1,Slightly increases the power of specified ammo and arrows.,NA,NA,NA,NA,NA,NA
Ballistics,Weapon Skill,Extends the range in which ammo and arrows have maximum power.,3,Slightly extends range.,Extends range.,Greatly extends range.,NA,NA,NA,NA
Rapid Fire Up,Decoration Skill,Improves light bowgun rapid fire.,1,Rapid fire damage +5%,NA,NA,NA,NA,NA,NA
Special Ammo Boost,Weapon Skill,"Increases the power of the bowgun's special ammo, and the bow's Dragon Piercer, Thousand Dragons, and Tracer.",2,Moderately increases the power of specified ammo and arrows.,Increases the power of specified ammo and arrows.,NA,NA,NA,NA,NA
Poison Functionality,Decoration Skill,Allows you to apply poison coatings.,1,Lets you use poison coatings.,NA,NA,NA,NA,NA,NA
Para Functionality,Decoration Skill,Allows you to apply paralysis coatings.,1,Lets you use paralysis coatings.,NA,NA,NA,NA,NA,NA
Sleep Functionality,Decoration Skill,Allows you to apply sleep coatings.,1,Lets you use sleep coatings.,NA,NA,NA,NA,NA,NA
Blast Functionality,Decoration Skill,Allows you to apply blast coatings.,1,Lets you use blast coatings.,NA,NA,NA,NA,NA,NA
Opening Shot,Weapon Skill,"Increases the bowgun's reload speed and increases the power of bullets when fully loaded.",3,Moderately increases bowgun reload speed and attack power of ammo when certain conditions are met.,Increases bowgun reload speed and attack power of ammo when certain conditions are met.,Greatly increases bowgun reload speed and attack power of ammo when certain conditions are met.,NA,NA,NA,NA
Tetrad Shot,Weapon Skill,"Increases affinity of bowgun ammo/coatings from the fourth shot and attack of the fourth and sixth shots.",3,Slightly increases the attack power and affinity of ammo after certain conditions are met.,Moderately increases attack power and affinity of ammo after certain conditions are met.,Increases the attack power and affinity of ammo after certain conditions are met.,NA,NA,NA,NA
Evading Reload,Weapon Skill,TBA,NA,TBA,NA,NA,NA,NA,NA,NA
Defense Boost,Armor Skill,Increases defense. Also improves resistances at higher levels.,7,Defense +5,Defense +10,Defense +5% Bonus: +10,Defense +5% Bonus: +20 All elemental resistances +3,Defense +8% Bonus: +20 All elemental resistances +3,Defense +8% Bonus: +35 All elemental resistances +5,Defense +10% Bonus: +35 All elemental resistances +5
Divine Blessing,Armor Skill,Has a predetermined chance of reducing the damage you take.,3,"While active, reduces damage taken by 15%.","While active, reduces damage taken by 30%.","While active, reduces damage taken by 50%.",NA,NA,NA,NA
Fire Resistance,Armor Skill,Increases fire resistance. Also improves defense at higher levels.,3,Fire resistance +6,Fire resistance +12,Fire resistance +20 Defense +10,NA,NA,NA,NA
Water Resistance,Armor Skill,Increases water resistance. Also improves defense at higher levels.,3,Water resistance +6,Water resistance +12,Water resistance +20 Defense +10,NA,NA,NA,NA
Thunder Resistance,Armor Skill,Increases thunder resistance. Also improves defense at higher levels.,3,Thunder resistance +6,Thunder resistance +12,Thunder resistance +20 Defense +10,NA,NA,NA,NA
Ice Resistance,Armor Skill,Increases ice resistance. Also improves defense at higher levels.,3,Ice resistance +6,Ice resistance +12,Ice resistance +20 Defense +10,NA,NA,NA,NA
Dragon Resistance,Armor Skill,Increases dragon resistance. Also improves defense at higher levels.,3,Dragon resistance +6,Dragon resistance +12,Dragon resistance +20 Defense +10,NA,NA,NA,NA
Poison Resistance,Armor Skill,Reduces damage while poisoned.,3,Reduces the number of times you take poison damage.,Greatly reduces the number of times you take poison damage.,Prevents poison.,NA,NA,NA,NA
Paralysis Resistance,Armor Skill,Reduces the duration of paralysis.,3,Reduces the duration of paralysis by 30%.,Reduces the duration of paralysis by 60%.,Prevents paralysis.,NA,NA,NA,NA
Sleep Resistance,Armor Skill,Reduces the duration of sleep.,3,Reduces the duration of sleep by 30%.,Reduces the duration of sleep by 60%.,Prevents sleep.,NA,NA,NA,NA
Iron Skin,Armor Skill,Grants protection against defense down.,3,Reduces the duration of defense down by 50%.,Reduces the duration of defense down by 75%.,Prevents defense down.,NA,NA,NA,NA
Blight Resistance,Armor Skill,Grants protection against all elemental blights.,3,Reduces the duration of all elemental blights by 50%.,Reduces the duration of all elemental blights by 75%.,Nullifies all elemental blights.,NA,NA,NA,NA
Stun Resistance,Armor Skill,Reduces the duration of stun.,3,Reduces the duration of stun by 30%.,Reduces the duration of stun by 60%.,Prevents stun.,NA,NA,NA,NA
Bleeding Resistance,Armor Skill,Grants protection against bleeding.,3,Reduces damage while bleeding.,Greatly reduces damage while bleeding.,Prevents bleeding.,NA,NA,NA,NA
Bind Resistance,Armor Skill,Grants protection against webbed status and frostblight.,3,Allows you to quickly recover from webbed status or frostblight.,Allows you to very quickly recover from webbed status or frostblight.,Prevents webbed status and frostblight.,NA,NA,NA,NA
Blast Resistance,Armor Skill,Grants protection against blastblight.,3,Delays blastblight and reduces blast damage.,Greatly delays blastblight and greatly reduces blast damage.,Prevents blastblight.,NA,NA,NA,NA
Adaptability,Armor Skill,"Grants protection against environmental damage, such as from heat or cold.",2,Negates the effects of heat and cold.,Negates environmental damage.,NA,NA,NA,NA,NA
Recovery Up,Armor Skill,Increases the amount recovered when restoring health.,3,Slightly increases recovery.,Moderately increases recovery.,Greatly increases recovery.,NA,NA,NA,NA
Recovery Speed,Armor Skill,Speeds healing of recoverable damage (the red portion of the Health Gauge).,3,Doubles the speed at which you heal recoverable damage.,Triples the speed at which you heal recoverable damage.,Quadruples the speed at which you heal recoverable damage.,NA,NA,NA,NA
Survival Expert,Armor Skill,Extra health is recovered from environmental interactables.,3,Restores 50 health.,Restores 80 health.,Restores 100 health.,NA,NA,NA,NA
Constitution,Armor Skill,"Reduces stamina depletion when evading, blocking, or doing certain other actions.",5,Reduces fixed stamina depletion by 10%.,Reduces fixed stamina depletion by 20%.,Reduces fixed stamina depletion by 30%.,Reduces fixed stamina depletion by 40%.,Reduces fixed stamina depletion by 50%.,NA,NA
Stamina Surge,Armor Skill,Speeds up stamina recovery.,3,Stamina recovery speed +10%,Stamina recovery speed +30%,Stamina recovery speed +50%,NA,NA,NA,NA
Marathon Runner,Armor Skill,Slows down stamina depletion for actions that continuously drain stamina (such as dashing).,3,Reduces continuous stamina depletion by 15%.,Reduces continuous stamina depletion by 30%.,Reduces continuous stamina depletion by 50%.,NA,NA,NA,NA
Hunger Resistance,Armor Skill,Reduces maximum stamina depletion over time.,3,Extends the time until your stamina cap reduces by 50%.,Extends the time until your stamina cap reduces by 100%.,Prevents your stamina cap from decreasing.,NA,NA,NA,NA
Agitator,Armor Skill,Increases attack power and affinity when large monsters become enraged.,5,Attack +4 and affinity +3% while active.,Attack +8 and affinity +5% while active.,Attack +12 and affinity +7% while active.,Attack +16 and affinity +10% while active.,Attack +20 and affinity +15% while active.,NA,NA
Latent Power,Armor Skill,Temporarily increases affinity and reduces stamina depletion when certain conditions are met.,5,"While active, affinity +10% and reduces stamina depletion by 30%.","While active, affinity +20% and reduces stamina depletion by 30%.","While active, affinity +30% and reduces stamina depletion by 50%.","While active, affinity +40% and reduces stamina depletion by 50%.","While active, affinity +50% and reduces stamina depletion by 50%.",NA,NA
Burst,Armor Skill,"Continuously landing hits gradually increases attack and elemental attack. (Amount increased depends on weapon.)",5,"On first hit, gain a small temporary attack and element boost, replaced by a larger boost after the fifth hit.",Hit 5 successive times for a moderate stat boost.,Hit 5 successive times for a bigger stat boost.,Hit 5 successive times for an even bigger stat boost.,Hit 5 successive times for a huge stat boost.,NA,NA
Flayer,Armor Skill,"Makes it easier to inflict wounds. Upon inflicting enough damage, also deals additional non-elemental damage.",5,Makes it ever so slightly easier to inflict wounds. Also deals additional non-elemental damage.,Makes it moderately easier to inflict wounds. Also deals slightly more additional non-elemental damage.,Makes it easier to inflict wounds. Also deals moderately more additional non-elemental damage.,Makes it much easier to inflict wounds. Also deals more additional non-elemental damage.,Makes it significantly easier to inflict wounds. Also deals much more additional non-elemental damage.,NA,NA
Heroics,Armor Skill,Increases attack power and defense when health drops to 35% or lower.,5,Defense +50 while active.,Attack +5% and defense +50 while active.,Attack +5% and defense +100 while active.,Attack +10% and defense +100 while active.,Attack +30% and defense-increasing effects are negated while active.,NA,NA
Palico Rally,Armor Skill,Powers up Palicoes.,5,Increases Palico attack power and defense by 5%.,Increases Palico attack power and defense by 10%.,Increases Palico attack power and defense by 15%.,Increases Palico attack power and defense by 20%.,Increases Palico attack power and defense by 25%.,NA,NA
Focus,Weapon Skill,"Increases the fill rate for weapons with gauges and the charge rate for weapons with charge attacks.",3,Slightly increases gauge fill rate and reduces charge times by 5%.,Moderately increases gauge fill rate and reduces charge times by 10%.,Increases gauge fill rate and reduces charge times by 15%.,NA,NA,NA,NA
Power Prolonger,Weapon Skill,"Allows long swords, dual blades, insect glaives, switch axes, and charge blades to stay powered up longer.",3,Moderately boosts the duration weapons are powered up.,Boosts the duration weapons are powered up.,Greatly boosts the duration weapons are powered up.,NA,NA,NA,NA
Punishing Draw,Weapon Skill,"Adds a stun effect to draw attacks and slightly increases attack power. (Not effective while riding.)",3,Draw attacks deal a small amount of stun damage and gain attack +3.,Draw attacks deal a medium amount of stun damage and gain attack +5.,Draw attacks deal a large amount of stun damage and gain attack +7.,NA,NA,NA,NA
Slugger,Weapon Skill,Makes it easier to stun monsters.,3,Stun power +20%,Stun power +30%,Stun power +40%,NA,NA,NA,NA
Stamina Thief,Weapon Skill,Increases certain attacks' ability to exhaust monsters.,3,Exhaust power +20%,Exhaust power +30%,Exhaust power +40%,NA,NA,NA,NA
Artillery,Weapon Skill,"Strengthens explosive attacks like shells, Wyvern's Fire, charge blade phial attacks, and Sticky Ammo.",3,Moderately increases each attack and Wyvern's Fire firing speed. Shelling fire attack +30.,Increases each attack and Wyvern's Fire firing speed. Shelling fire attack +60.,Greatly increases each attack and Wyvern's Fire firing speed. Shelling fire attack +90.,NA,NA,NA,NA
Rapid Morph,Weapon Skill,Increases switch speed and power for switch axes and charge blades.,3,Speed +10%,Speed +20% Morph attack damage +10%,Speed +30% Morph attack damage +20%,NA,NA,NA,NA
Partbreaker,Armor Skill,"Makes it easier to break large monster parts, and increases damage dealt when destroying a wound with a Focus Strike.",3,Increases part damage and damage dealt when conditions are met by 10%.,Increases part damage and damage dealt when conditions are met by 20%.,Increases part damage and damage dealt when conditions are met by 30%.,NA,NA,NA,NA
Foray,Armor Skill,Increases attack power and affinity against large monsters affected by poison or paralysis.,5,Attack +6 against large monsters affected by poison or paralysis.,Attack +8 and affinity +5% against large monsters affected by poison or paralysis.,Attack +10 and affinity +10% against large monsters affected by poison or paralysis.,Attack +12 and affinity +15% against large monsters affected by poison or paralysis.,Attack +15 and affinity +20% against large monsters affected by poison or paralysis.,NA,NA
Coalescence,Armor Skill,Temporarily increases elemental attack power and status effects after recovering from blights or abnormal status.,3,"When active, grants a slight increase to elemental damage and status buildup.","When active, grants an increase to elemental damage and status buildup.","When active, grants a large increase to elemental damage and status buildup.",NA,NA,NA,NA
Ambush,Armor Skill,Temporarily increases damage to large monsters with a successful Sneak Attack.,3,Attack +5% while active.,Attack +10% while active.,Attack +15% while active.,NA,NA,NA,NA
Antivirus,Armor Skill,"Once infected, makes it easier to overcome the Frenzy and increases affinity if cured.",3,Slightly increases recovery rate after contracting the Frenzy. Affinity +3% if cured.,Increases recovery rate after contracting the Frenzy. Affinity +6% if cured.,Greatly increases recovery rate after contracting the Frenzy. Affinity +15% if cured.,NA,NA,NA,NA
Elemental Absorption,Armor Skill,"After taking elemental damage, temporarily grants you element effects. (Cooldown after effect ends)",3,"While active, slightly increases elemental attack, and resistance to element taken at activation by 4.","While active, moderately increases elemental attack, and resistance to element taken at activation by 6.","While active, increases elemental attack, and resistance to element taken at activation by 8.",NA,NA,NA,NA
Horn Maestro,Weapon Skill,"Increases the effect duration of hunting horn melodies. (Effect lost when you change weapons.)",2,Extends Melody Effect duration and increases the chance of larger heals from healing melodies.,Greatly increases the effect duration of hunting horn melodies.,NA,NA,NA,NA,NA
Charge Up,Weapon Skill,Increases your power to induce stun when you hit a monster with a hammer's charged attack.,1,Activates skill effect.,NA,NA,NA,NA,NA,NA
Airborne,Weapon Skill,Increases the damage caused by jumping attacks.,1,Jumping attack power +10%,NA,NA,NA,NA,NA,NA
Self-Improvement,Decoration Skill,"Attack and defense increase as time passes while on a quest. (The maximum is reached after 30 minutes.)",1,Activates skill effect.,NA,NA,NA,NA,NA,NA
Poison Duration Up,Weapon Skill,Extends the duration of your poison's effect on monsters.,1,Extends the duration of your poison's effect by 20%.,NA,NA,NA,NA,NA,NA
Guard,Weapon Skill,Reduces knockbacks and stamina depletion when guarding.,3,Slightly decreases the impact of attacks and reduces stamina depletion by 15%.,Decreases the impact of attacks and reduces stamina depletion by 30%.,Greatly decreases the impact of attacks and reduces stamina depletion by 50%.,NA,NA,NA,NA
Evade Window,Armor Skill,Extends the invulnerability period when evading.,5,Very slightly increases invulnerability window.,Slightly increases invulnerability window.,Increases invulnerability window.,Greatly increases invulnerability window.,Massively increases invulnerability window.,NA,NA
Evade Extender,Armor Skill,Increases evade distance.,3,Slightly extends evasion distance.,Extends evasion distance.,Greatly extends evasion distance.,NA,NA,NA,NA
Earplugs,Armor Skill,Grants protection from large monsters' roars.,3,Reduces the effects of weak monster roars.,Nullifies weak monster roars and reduces the effects of strong monster roars.,Nullifies weak and strong monster roars.,NA,NA,NA,NA
Guard Up,Weapon Skill,Allows you to guard against ordinarily unblockable attacks.,3,Reduces damage taken by 30%.,Reduces damage taken by 50%.,Reduces damage taken by 80%.,NA,NA,NA,NA
Quick Sheathe,Armor Skill,Speeds up weapon sheathing.,3,Slightly increases sheathing speed.,Increases sheathing speed.,Greatly increases sheathing speed.,NA,NA,NA,NA
Windproof,Armor Skill,Grants protection against wind pressure.,3,Negates minor wind pressure and halves the effects of major wind pressure.,Negates minor and major wind pressure and halves the effects of dragon wind pressure.,Negates all kinds of wind pressure.,NA,NA,NA,NA
Tremor Resistance,Armor Skill,Grants protection against ground tremors.,3,Nullifies very minor ground tremors and halves effects of minor ground tremors.,Nullifies up to minor ground tremors and greatly reduces the effects of major ground tremors.,Nullifies all ground tremors.,NA,NA,NA,NA
Flinch Free,Armor Skill,Prevents knockbacks and other reactions to small damage.,3,Prevents knockbacks.,Prevents knockbacks. Tripping is reduced to a knockback instead.,Prevents knockbacks and tripping.,NA,NA,NA,NA
Intimidator,Armor Skill,"Reduces the chance small monsters will attack after spotting you. (Has no effect on certain monsters.)",3,Discourages monsters from engaging you even if you've been spotted.,Highly discourages monsters from engaging you even if you've been spotted.,Prevents monsters from engaging you even if you've been spotted.,NA,NA,NA,NA
Speed Eating,Armor Skill,Increases meat-eating and item-consumption speed.,3,Moderately increases eating speed.,Increases eating speed.,Greatly increases eating speed.,NA,NA,NA,NA
Load Shells,Weapon Skill,"Improves reloading, and increases the gunlance's shell capacity and charge blade's phial capacity.",2,Increases shell and phial reloading speed.,Increases shell/phial reloading speed. Gunlance loading capacity +1. Charge blade charges 5 phials on yellow gauge.,NA,NA,NA,NA,NA
Aquatic-Oilsilt Mobility,Armor Skill,"Grants resistance against impairments to mobility while in water, oilsilt, or streams.",2,Negates the effects of muddy streams and prevents you from being slowed down in water or oilsilt.,Also negates the effects of waves.,NA,NA,NA,NA,NA
Shock Absorber,Decoration Skill,Disables damage reactions when you hit a friend or when a friend hits you.,1,Activates skill effect.,NA,NA,NA,NA,NA,NA
Leap of Faith,Armor Skill,"Allows you to do a dive-evade when facing towards large monsters and extends the dive-evade distance.",1,Enables skill use.,NA,NA,NA,NA,NA,NA
Jump Master,Armor Skill,Prevents attacks from knocking you back during a jump.,1,Negates knockback during jumps.,NA,NA,NA,NA,NA,NA
Cliffhanger,Armor Skill,Decreases stamina depletion when climbing on vines.,1,Reduces stamina depletion while climbing by 50%.,NA,NA,NA,NA,NA,NA
Wide-Range,Armor Skill,Allows the effects of certain items to also affect nearby allies.,5,"Items affect nearby allies with 33% of their efficacy.","Items affect nearby allies in a wider radius with 33% of their efficacy.","Items affect nearby allies in a wider radius with 66% of their efficacy.","Items affect nearby allies in a much wider radius with 66% of their efficacy.","Items affect nearby allies in a much wider radius with full efficacy.",NA,NA
Tool Specialist,Armor Skill,Reduces the recharge time for specialized tools.,5,Shortens recharge time by 10%.,Shortens recharge time by 20%.,Shortens recharge time by 30%.,Shortens recharge time by 40%.,Shortens recharge time by 50%.,NA,NA
Bombardier,Armor Skill,Increases the damage of explosive items.,3,Explosive power +10%,Explosive power +20%,Explosive power +30%,NA,NA,NA,NA
Mushroomancer,Armor Skill,"Lets you digest mushrooms that would otherwise be inedible and gain their advantageous effects.",3,Lets you digest blue mushrooms and toadstools.,Additionally lets you digest nitroshrooms and parashrooms.,Additionally lets you digest mandragoras devil's blight and exciteshrooms.,NA,NA,NA,NA
Item Prolonger,Armor Skill,Extends the duration of some item effects.,3,Item effect duration +10%,Item effect duration +25%,Item effect duration +50%,NA,NA,NA,NA
Free Meal,Armor Skill,Gives you a predetermined chance of consuming a food or drink item for free.,3,Activates 10% of the time.,Activates 25% of the time.,Activates 45% of the time.,NA,NA,NA,NA
Speed Sharpening,Weapon Skill,Speeds up weapon sharpening when using a whetstone.,2,Removes one cycle from the sharpening process.,Removes two cycles from the sharpening process.,NA,NA,NA,NA,NA
Stench Resistance,Armor Skill,Grants protection against stench.,2,Reduces stench duration by 50%.,Prevents stench.,NA,NA,NA,NA,NA
Blindsider,Armor Skill,Improves the effectiveness of flash attacks and items.,1,Improves the effectiveness of flash attacks and items.,NA,NA,NA,NA,NA,NA
Botanist,Armor Skill,Increases the quantity of herbs and other consumable items you gather.,4,One extra consumable herb item per gather.,Additionally adds one extra consumable fruit nut or seed item per gather.,Additionally adds one extra consumable insect item per gather.,Additionally adds one extra consumable mushroom item per gather.,NA,NA,NA
Geologist,Armor Skill,Increases the number of items you gain at gathering points.,3,One extra item when gathering from bonepiles.,Additionally adds one extra item when gathering special items.,Additionally adds one extra item when gathering from mining outcrops.,NA,NA,NA,NA
Entomologist,Armor Skill,"The bodies of small insect monsters won't be destroyed, allowing them to be carved.",1,Activates skill effect.,NA,NA,NA,NA,NA,NA
Outdoorsman,Armor Skill,Improves fishing grilling and transporting abilities.,1,Improves fishing grilling and transporting abilities.,NA,NA,NA,NA,NA,NA
Honey Hunter,Armor Skill,Increases the amount of honey you gain from gathering points.,1,Increases the amount of honey you gain from gathering points.,NA,NA,NA,NA,NA,NA
Fleetfoot,Armor Skill,"Increases movement speed while crouching, and makes it easier to escape large monsters' detection.",1,"Increases movement speed while crouching, and makes it easier to escape large monsters' detection.",NA,NA,NA,NA,NA,NA
Master Mounter,Armor Skill,"Makes it easier to mount monsters and to wound them once mounted.",1,"Makes it easier to mount monsters and to wound them once mounted. Master Mounter has 1 level, after which, additional levels won't provide any further benefit.",NA,NA,NA,NA,NA,NA
Adrenaline,Armor Skill,Temporarily reduces stamina depletion when health is at 40% or lower.,1,Temporarily reduces stamina depletion when health is at 40% or lower.,NA,NA,NA,NA,NA,NA
Hunter Gatherer,Armor Skill,"Increases gathering speed, and prevents knock back when gathering or carving.",1,"Increases gathering speed, and prevents knock back when gathering or carving.",NA,NA,NA,NA,NA,NA
Affinity Sliding,Armor Skill,Increases your affinity temporarily when sliding on terrain.,1,Increases your affinity temporarily when sliding on terrain.,NA,NA,NA,NA,NA,NA
Fortify,Armor Skill,"Increases attack and defense after fainting during a quest. (Can be used twice.)",1,"Increases attack and defense after fainting during a quest. (Can be used twice.)",NA,NA,NA,NA,NA,NA
Diversion,Armor Skill,Increases the attention drawn to you when attacking a monster.,1,Increases the attention drawn to you when attacking a monster.,NA,NA,NA,NA,NA,NA
Inspiration,Armor Skill,"Temporarily increases attack power when using effects like Melody Effects that affect companions in range.",1,"Temporarily increases attack power when using effects like Melody Effects that affect companions in range.",NA,NA,NA,NA,NA,NA
Resuscitate,Armor Skill,Increases attack when inflicted with ailments.,1,Increases attack when inflicted with ailments.,NA,NA,NA,NA,NA,NA
Wylk Burst,Armor Skill,"Increases recovery speed of stamina and red gauge when near Wylkrystals.",1,"Increases recovery speed of stamina and red gauge when near Wylkrystals.",NA,NA,NA,NA,NA,NA
Ward of Wyveria,Armor Skill,"Reduces elemental and unique damage while in the Ruins of Wyveria.",1,"Reduces elemental and unique damage while in the Ruins of Wyveria.",NA,NA,NA,NA,NA,NA
Forager's Luck,Armor Skill,Increases the chance of finding rare gathering points.,1,Increases the chance of finding rare gathering points.,NA,NA,NA,NA,NA,NA
Powerhouse I,Armor Skill,Temporarily grants attack +10 after a successful Power Clash or Offset attack.,1,Temporarily grants attack +10 after a successful Power Clash or Offset attack.,NA,NA,NA,NA,NA,NA
Scorcher I,Armor Skill,Chance to deal additional fire damage after landing an attack.,1,Chance to deal additional fire damage after landing an attack.,NA,NA,NA,NA,NA,NA
Second Wind I,Armor Skill,Grants an additional Stamina Gauge.,1,Grants an additional Stamina Gauge.,NA,NA,NA,NA,NA,NA
Flawless Armor I,Armor Skill,Reduces the damage you take by 5% when your health is full.,1,Reduces the damage you take by 5% when your health is full.,NA,NA,NA,NA,NA,NA
War Cry I,Armor Skill,"Using the To Victory! gesture moderately increases attack temporarily to nearby allies. Greatly effects Palicoes and Support Hunters.",1,"Using the To Victory! gesture moderately increases attack temporarily to nearby allies. Greatly effects Palicoes and Support Hunters.",NA,NA,NA,NA,NA,NA
Mutual Hostility I,Armor Skill,Increases elemental attack when large monsters become enraged.,NA,TBA,NA,NA,NA,NA,NA,NA
Mutual Hostility II,Armor Skill,"Level I effect is increased, and you gain a temporary damage barrier. (Barrier reactivates after cooldown.)",NA,TBA,NA,NA,NA,NA,NA,NA
Burst Boost I,Armor Skill,Extends the duration of the Burst skill and grants attack +3 while Burst is active.,1,Extends the duration of the Burst skill and grants attack +3 while Burst is active.,NA,NA,NA,NA,NA,NA
Protein Fiend I,Armor Skill,Temporarily grants attack +15 after eating items such as well-done steak.,1,Temporarily grants attack +15 after eating items such as well-done steak.,NA,NA,NA,NA,NA,NA
Protective Veil I,Armor Skill,Increases defense temporarily when using a specialized tool.,1,Increases defense temporarily when using a specialized tool.,NA,NA,NA,NA,NA,NA
Thunderous Roar I,Armor Skill,Moderately extends the activation time of the Latent Power skill.,1,Moderately extends the activation time of the Latent Power skill.,NA,NA,NA,NA,NA,NA
Bad Blood I,Armor Skill,Deals moderate additional damage while the Resentment skill is active.,1,Deals moderate additional damage while the Resentment skill is active.,NA,NA,NA,NA,NA,NA
Binding Counter I,Armor Skill,"Increases attack after recovering from webbed status, frostblight, being pinned, or a Power Clash.",1,"Increases attack after recovering from webbed status, frostblight, being pinned, or a Power Clash.",NA,NA,NA,NA,NA,NA
Black Eclipse I,Armor Skill,Infects you with Frenzy when against large monsters.,1,Infects you with Frenzy when against large monsters.,NA,NA,NA,NA,NA,NA
Decimator I,Armor Skill,Restores a moderate amount of health when destroying a wound on a large monster.,1,Restores a moderate amount of health when destroying a wound on a large monster.,NA,NA,NA,NA,NA,NA
Hasten Recovery I,Armor Skill,"Regenerates a small amount of your health as you continually attack a monster. Recovery varies by weapon.",1,"Regenerates a small amount of your health as you continually attack a monster. Recovery varies by weapon.",NA,NA,NA,NA,NA,NA
Powerhouse II,Armor Skill,Temporarily grants attack +25 after a successful Power Clash or Offset attack.,1,Temporarily grants attack +25 after a successful Power Clash or Offset attack.,NA,NA,NA,NA,NA,NA
Scorcher II,Armor Skill,Increases additional fire damage after landing an attack.,1,Increases additional fire damage after landing an attack.,NA,NA,NA,NA,NA,NA
Second Wind II,Armor Skill,Grants an additional long Stamina Gauge.,1,Grants an additional long Stamina Gauge.,NA,NA,NA,NA,NA,NA
Flawless Armor II,Armor Skill,Reduces the damage you take by 10% when your health is full.,1,Reduces the damage you take by 10% when your health is full.,NA,NA,NA,NA,NA,NA
War Cry II,Armor Skill,"Using the To Victory! gesture increases attack temporarily to nearby allies. Greatly effects Palicoes and Support Hunters.",1,"Using the To Victory! gesture increases attack temporarily to nearby allies. Greatly effects Palicoes and Support Hunters.",NA,NA,NA,NA,NA,NA
Burst Boost II,Armor Skill,Further extends the duration of the Burst skill and grants attack +10 while Burst is active.,1,Further extends the duration of the Burst skill and grants attack +10 while Burst is active.,NA,NA,NA,NA,NA,NA
Protein Fiend II,Armor Skill,Temporarily grants attack +25 after eating items such as well-done steak.,1,Temporarily grants attack +25 after eating items such as well-done steak.,NA,NA,NA,NA,NA,NA
Protective Veil II,Armor Skill,Greatly increases defense and resistance temporarily when using a specialized tool.,1,Greatly increases defense and resistance temporarily when using a specialized tool.,NA,NA,NA,NA,NA,NA
Thunderous Roar II,Armor Skill,Extends the activation time of the Latent Power skill.,1,Extends the activation time of the Latent Power skill.,NA,NA,NA,NA,NA,NA
Bad Blood II,Armor Skill,Deals additional damage while the Resentment skill is active.,1,Deals additional damage while the Resentment skill is active.,NA,NA,NA,NA,NA,NA
Binding Counter II,Armor Skill,"Greatly increases attack after recovering from webbed status, frostblight, being pinned, or a Power Clash.",1,"Greatly increases attack after recovering from webbed status, frostblight, being pinned, or a Power Clash.",NA,NA,NA,NA,NA,NA
Black Eclipse II,Armor Skill,"Infects you with Frenzy and raises attack when against large monsters. Attack power increases upon recovery.",1,"Infects you with Frenzy and raises attack when against large monsters. Attack power increases upon recovery.",NA,NA,NA,NA,NA,NA
Decimator II,Armor Skill,Restores health when destroying a wound on a large monster.,1,Restores health when destroying a wound on a large monster.,NA,NA,NA,NA,NA,NA
Hasten Recovery II,Armor Skill,"Regenerates your health as you continually attack a monster. Recovery varies by weapon.",1,"Regenerates your health as you continually attack a monster. Recovery varies by weapon.",NA,NA,NA,NA,NA,NA
Exhaust Functionality,Decoration Skill,Allows you to apply exhaust coatings.,1,Lets you use exhaust coatings.,NA,NA,NA,NA,NA,NA
Neopteron Alert,Group Skill,Increases the amount of honey you gain from gathering points.,1,"3 Pieces Unlock: Honey Hunter",NA,NA,NA,NA,NA,NA
Neopteron Camouflage,Group Skill,"Increases movement speed while crouching, and makes it easier to escape large monsters' detection.",1,"3 Pieces Unlock: Fleetfoot",NA,NA,NA,NA,NA,NA
Scaling Prowess,Group Skill,"Makes it easier to mount monsters and to wound them once mounted.",1,"3 Pieces Unlock: Master Mounter",NA,NA,NA,NA,NA,NA
Scale Layering,Group Skill,Temporarily reduces stamina depletion when health is at 40% or lower.,1,"3 Pieces Unlock: Adrenaline",NA,NA,NA,NA,NA,NA
Flexible Leathercraft,Group Skill,"Increases gathering speed, and prevents knock back when gathering or carving.",1,"3 Pieces Unlock: Hunter Gatherer",NA,NA,NA,NA,NA,NA
Buttery Leathercraft,Group Skill,Increases your affinity temporarily when sliding on terrain.,1,"3 Pieces Unlock: Affinity Sliding",NA,NA,NA,NA,NA,NA
Fortifying Pelt,Group Skill,"Increases attack and defense after fainting during a quest. (Can be used twice.)",1,"3 Pieces Unlock: Fortify",NA,NA,NA,NA,NA,NA
Alluring Pelt,Group Skill,Increases the attention drawn to you when attacking a monster.,1,"3 Pieces Unlock: Diversion",NA,NA,NA,NA,NA,NA
Lord's Favor,Group Skill,"Temporarily increases attack power when using effects like Melody Effects that affect companions in range.",1,"3 Pieces Unlock: Inspiration",NA,NA,NA,NA,NA,NA
Lord's Fury,Group Skill,Increases attack when inflicted with ailments.,1,"3 Pieces Unlock: Resuscitate",NA,NA,NA,NA,NA,NA
Guardian's Pulse,Group Skill,"Increases recovery speed of stamina and red gauge when near Wylkrystals.",1,"3 Pieces Unlock: Wylk Burst",NA,NA,NA,NA,NA,NA
Guardian's Protection,Group Skill,"Reduces elemental and unique damage while in the Ruins of Wyveria.",1,"3 Pieces Unlock: Ward of Wyveria",NA,NA,NA,NA,NA,NA
Imparted Wisdom,Group Skill,Increases the chance of finding rare gathering points.,1,"3 Pieces Unlock: Forager's Luck",NA,NA,NA,NA,NA,NA
Doshaguma's Might,Set Bonus Skill,"Temporarily increases attack after a successful Power Clash or Offset attack.",2,"Temporarily grants attack +10 after a successful Power Clash or Offset attack","Temporarily grants attack +25 after a successful Power Clash or Offset attack",NA,NA,NA,NA,NA
Rathalos's Flare,Set Bonus Skill,Chance to deal additional Fire Damage after landing an attack.,2,"Chance to deal additional fire damage after landing an attack.","Increases additional fire damage after landing an attack.",NA,NA,NA,NA,NA
Fulgur Anjanath's Will,Set Bonus Skill,Grants an additional Stamina Gauge.,2,"Grants an additional Stamina Gauge.","Grants an additional long Stamina Gauge.",NA,NA,NA,NA,NA
Gravios's Protection,Set Bonus Skill,Reduces damage taken when health is full.,2,"Reduces the damage you take by 5% when your health is full.","Reduces the damage you take by 10% when your health is full.",NA,NA,NA,NA,NA
Blangonga's Spirit,Set Bonus Skill,"Increases attack by using the To Victory! gesture.",2,"Using the To Victory! gesture moderately increases attack temporarily to nearby allies. Greatly effects Palicoes and Support Hunters.","Using the To Victory! gesture increases attack temporarily to nearby allies. Greatly effects Palicoes and Support Hunters.",NA,NA,NA,NA,NA
Ebony Odogaron's Power,Set Bonus Skill,Increases the duration of the Burst skill.,2,"Extends the duration of the Burst skill and grants attack +3 while Burst is active.","Further extends the duration of the Burst skill and grants attack +10 while Burst is active.",NA,NA,NA,NA,NA
Xu Wu's Vigor,Set Bonus Skill,Increases attack after eating certain items.,2,"Temporarily grants attack +15 after eating items such as well-done steak.","Temporarily grants attack +25 after eating items such as well-done steak.",NA,NA,NA,NA,NA
Uth Duna's Cover,Set Bonus Skill,Increases defense when using a specialized tool.,2,"Increases defense temporarily when using a specialized tool.","Greatly increases defense and resistance temporarily when using a specialized tool.",NA,NA,NA,NA,NA
Rey Dau's Voltage,Set Bonus Skill,Increases the activation time of the Latent Power skill.,2,"Moderately extends the activation time of the Latent Power skill.","Extends the activation time of the Latent Power skill.",NA,NA,NA,NA,NA
Nu Udra's Mutiny,Set Bonus Skill,Increases the damage output while Resentment is active.,2,"Deals moderate additional damage while the Resentment skill is active.","Deals additional damage while the Resentment skill is active.",NA,NA,NA,NA,NA
Jin Dahaad's Revolt,Set Bonus Skill,Increases attack after recovering from certain status effects.,2,"Increases attack after recovering from webbed status, frostblight, being pinned, or a Power Clash.","Greatly increases attack after recovering from webbed status, frostblight, being pinned, or a Power Clash.",NA,NA,NA,NA,NA
Gore Magala's Tyranny,Set Bonus Skill,Infects you with Frenzy when against Large Monsters.,2,"Infects you with Frenzy when against large monsters.","Infects you with Frenzy and raises attack when against large monsters. Attack power increases upon recovery.",NA,NA,NA,NA,NA
Guardian Arkveld's Vitality,Set Bonus Skill,Restores health when destroying a wound on a Large Monster.,2,"Restores a moderate amount of health when destroying a wound on a large monster.","Restores health when destroying a wound on a large monster.",NA,NA,NA,NA,NA
Arkveld's Hunger,Set Bonus Skill,"Regenerates health as you continually attack a monster.",2,"Regenerates a small amount of your health as you continually attack a monster. Recovery varies by weapon.","Regenerates your health as you continually attack a monster. Recovery varies by weapon.",NA,NA,NA,NA,NA
Super Recovery I,Armor Skill,"Allows the Health Gauge to continue to slowly recover up to the max value, even if there is no red portion.",1,"Allows the Health Gauge to continue to slowly recover up to the max value, even if there is no red portion.",NA,NA,NA,NA,NA,NA
Super Recovery II,Armor Skill,"Allows the Health Gauge to continue to recover up to the max value, even if there is no red portion.",1,"Allows the Health Gauge to continue to recover up to the max value, even if there is no red portion.",NA,NA,NA,NA,NA,NA
Bubbly Dance I,Armor Skill,"Prevents major bubbleblight and increases evasion while afflicted with minor bubbleblight.",1,"Prevents major bubbleblight and increases evasion while afflicted with minor bubbleblight.",NA,NA,NA,NA,NA,NA
Bubbly Dance II,Armor Skill,"Prevents major bubbleblight and ups evasion while afflicted. Trigger minor bubbleblight by evading many times.",1,"Prevents major bubbleblight and ups evasion while afflicted. Trigger minor bubbleblight by evading many times.",NA,NA,NA,NA,NA,NA
Slicked Blade,Weapon Skill,"Temporarily increases affinity when wet or when inflicted with bubbleblight. (Wet and bubbleblight effects stack.)",3,"Affinity +3% when wet, and +7% while afflicted with bubbleblight.","Affinity +6% when wet, and +14% while afflicted with bubbleblight.","Affinity +9% when wet, and +21% while afflicted with bubbleblight.",NA,NA,NA,NA
Convert Thunder Resistance,Weapon Skill,"Increase to your weapon's elemental attack proportional to your thunder resistance.",1,Activates skill effect.,NA,NA,NA,NA,NA,NA
Bladescale Loading,Weapon Skill,"Narrowly evading a monster's attack while your weapon is drawn grants special loaded ammo or applied coatings.",1,Activates skill effect.,NA,NA,NA,NA,NA,NA
Bladescale Honing,Weapon Skill,"Narrowly evading a monster's attack while your weapon is drawn grants special sharpness.",1,Activates skill effect.,NA,NA,NA,NA,NA,NA
Whiteflame Torrent,Weapon Skill,"Activate skill effect. (When used with Scorcher, does not stack but adds extra fire damage.)",1,"Activate skill effect. (When used with Scorcher, does not stack but adds extra fire damage.)",NA,NA,NA,NA,NA,NA
Lord's Soul,Group Skill,"Boosts attack and lowers defense but lets you survive one lethal hit. Afterwards, boosts defense and res.",1,"3 Pieces Unlock: Guts (Tenacity)",NA,NA,NA,NA,NA,NA
Guts (Tenacity),Armor Skill,"Boosts attack and lowers defense but lets you survive one lethal hit. Afterwards, boosts defense and res.",1,"Boosts attack and lowers defense but lets you survive one lethal hit. Afterwards, boosts defense and res.",NA,NA,NA,NA,NA,NA
Crackling Cornpopper,Weapon Skill,"Increases shelling power and fire attack while overheated.",1,Activates the skill effect.,NA,NA,NA,NA,NA,NA
Flamefete Boon I,Armor Skill,During Flamefete adds special items to quest rewards.,1,"During Flamefete, adds special items to quest rewards.",NA,NA,NA,NA,NA,NA
Flamefete Boon II,Armor Skill,"During Flamefete, adds special items to quest rewards, and greatly boosts attack and defense.",1,"During Flamefete, adds special items to quest rewards, and greatly boosts attack and defense.",NA,NA,NA,NA,NA,NA
Festival Spirit,Group Skill,Lets you carve one additional time from carcasses during quests.,1,"3 Pieces Unlock: Carving Master",NA,NA,NA,NA,NA,NA
Carving Master,Armor Skill,Lets you carve one additional time from carcasses during quests.,1,"Lets you carve one additional time from carcasses during quests.",NA,NA,NA,NA,NA,NA
Power Stone,Weapon Skill,Temporarily increases attack upon mining materials.,1,"Mining particularly rare materials greatly increases attack. (Attack increase has a maximum limit.)",NA,NA,NA,NA,NA,NA
Darkside,Weapon Skill,"Performing certain Lv 2 or higher charged slashes temporarily increases attack but also deals self-damage.",1,"Activates skill effect. (Will not activate again for a set period of time)",NA,NA,NA,NA,NA,NA
Synergy,Weapon Skill,"Temporarily increases your affinity and the affinity of those around you after using a Rising Spiral Slash.",1,Activates skill effect.,NA,NA,NA,NA,NA,NA
Synthetic Shield,Weapon Skill,"Temporarily increases your defense and the defense of those around you after a successful Perfect Guard.",1,Activates skill effect.,NA,NA,NA,NA,NA,NA
Dark Arts,Armor Skill,"Having recoverable damage increases elemental attack, and some great sword Lv 3 charged slashes are strengthened.",1,Activates skill effect.,NA,NA,NA,NA,NA,NA
The Blackest Night,Armor Skill,Allows you to perform the special action: The Blackest Night.,1,Activates skill effect.,NA,NA,NA,NA,NA,NA
Resonance I,Armor Skill,"(When quest starts) Local and Remote Resonance alternate, increasing attack or affinity when conditions are met.",1,Activates skill effect.,NA,NA,NA,NA,NA,NA
Resonance II,Armor Skill,"Increases the effects of Resonance I, and the effect of the weapon skill Synthetic Shield or the effect of Synergy.",1,Activates skill effect.,NA,NA,NA,NA,NA,NA
Grillmaster,Weapon Skill,"Grill meat to sharpen your weapon and temporarily increase your attack (Duration and effect vary based on results.)",1,Activates skill effect.,NA,NA,NA,NA,NA,NA
Blossomdance Prayer,Set Bonus Skill,"During Blossomdance, adds special items to quest rewards.",2,"During Blossomdance, adds special items to quest rewards.","During Blossomdance, adds special items to quest rewards, and greatly boosts attack and defense",NA,NA,NA,NA,NA
Flamefete Prayer,Set Bonus Skill,"During Flamefete, adds special items to quest rewards.",2,"During Flamefete, adds special items to quest rewards.","During Flamefete, adds special items to quest rewards, and greatly boosts attack and defense.",NA,NA,NA,NA,NA
Dreamspell Prayer,Set Bonus Skill,"During Dreamspell, adds special items to quest rewards.",2,"During Dreamspell, adds special items to quest rewards. (No effect when joining mid-quest.)","During Dreamspell, adds special items to quest rewards, and greatly boosts attack and defense.",NA,NA,NA,NA,NA
Leviathan's Fury,Set Bonus Skill,"Can temporarily increase affinity and deal extra thunder damage.",2,"Temporarily increases affinity and can deal extra thunder damage upon buildup. (Excludes some attacks.)","Further increases additional thunder damage and moderately extends the duration affinity is increased.",NA,NA,NA,NA,NA
Mizutsune's Prowess,Set Bonus Skill,"Prevents major bubbleblight, and increases evasion with minor bubbleblight.",2,"Prevents major bubbleblight and increases evasion while afflicted with minor bubbleblight.","Prevents major bubbleblight and ups evasion while afflicted. Trigger minor bubbleblight by evading many times.",NA,NA,NA,NA,NA
Omega Resonance,Set Bonus Skill,"Increases attack or affinity when certain conditions are met.",2,"(When quest starts) Local and Remote Resonance alternate, increasing attack or affinity when conditions are met.","Increases the effects of Resonance I, and the effect of the weapon skill Synthetic Shield or the effect of Synergy.",NA,NA,NA,NA,NA
Seregios's Tenacity,Set Bonus Skill,"Increases the duration of Adrenaline Rush. Can also increase attack.",2,"Extends the duration of Adrenaline Rush. If triggered again while the skill is active, extends the effect duration once.","Additionally, if triggered again while the skill is active, further increases attack.",NA,NA,NA,NA,NA
Soul of the Dark Knight,Set Bonus Skill,"May increase some Great Swords LV 3 charged slashes, and grants you a special action called The Blackest Night.",2,"Having recoverable damage increases elemental attack, and some great sword Lv 3 charged slashes are strengthened.","Allows you to perform the special action: The Blackest Night.",NA,NA,NA,NA,NA
Zoh Shia's Pulse,Set Bonus Skill,"Allows the Health Gauge to slowly recover up to the max value, even if there is no red portion.",2,"Allows the Health Gauge to continue to slowly recover up to the max value, even if there is no red portion.","Allows the Health Gauge to continue to recover up to the max value, even if there is no red portion.",NA,NA,NA,NA,NA
Gogmapocalypse,Set Bonus Skill,"Increases elemental damage when large monsters become enraged.",2,"Increases elemental attack when large monsters become enraged.","Level I effect is increased, and you gain a temporary damage barrier. (Barrier reactivates after cooldown.)",NA,NA,NA,NA,NA
Rice Ball,Armor Skill,"Increases the attack power of Akuma actions and stun damage.",1,"Increases the attack power of Akuma actions and stun damage",NA,NA,NA,NA,NA,NA
Glory's Favor,Group Skill,"Increases quest target rewards. (No effect when joining mid-quest.)",1,"3 Pieces Unlock: Luck",NA,NA,NA,NA,NA,NA
Luck,Armor Skill,"Increases quest target rewards. (No effect when joining mid-quest.)",1,"Increases quest target rewards. (No effect when joining mid-quest.)",NA,NA,NA,NA,NA,NA
Master of the Fist,Group Skill,"Increases power of special actions. Drive Impacts can trigger offset attacks. Further increases power of offset attacks.",1,"3 Pieces Unlock: Satsui no Hado",NA,NA,NA,NA,NA,NA
Satsui no Hado,Armor Skill,"Increases power of special actions. Drive Impacts can trigger offset attacks. Further increases power of offset attacks.",1,"Increases power of special actions. Drive Impacts can trigger offset attacks. Further increases power of offset attacks.",NA,NA,NA,NA,NA,NA
Blossomdance Boon I,Armor Skill,"During Blossomdance, adds special items to quest rewards. (No effect when joining mid-quest)",1,"During Blossomdance, adds special items to quest rewards. (No effect when joining mid-quest)",NA,NA,NA,NA,NA,NA
Blossomdance Boon II,Armor Skill,"During Blossomdance, adds special items to quest rewards. (No effect when joining mid-quest)",1,"During Blossomdance, adds special items to quest rewards. (No effect when joining mid-quest)",NA,NA,NA,NA,NA,NA
Dreamspell Boon I,Armor Skill,"During Dreamspell, adds special items to quest rewards. (No effect when joining mid-quest.)",1,"During Dreamspell, adds special items to quest rewards. (No effect when joining mid-quest.)",NA,NA,NA,NA,NA,NA
Dreamspell Boon II,Armor Skill,"During Dreamspell, adds special items to quest rewards, and greatly boosts attack and defense.",1,"During Dreamspell, adds special items to quest rewards, and greatly boosts attack and defense.",NA,NA,NA,NA,NA,NA
Azure Bolt I,Armor Skill,"Temporarily increases affinity and can deal extra thunder damage upon buildup. (Excludes some attacks.)",1,"Temporarily increases affinity and can deal extra thunder damage upon buildup. (Excludes some attacks.)",NA,NA,NA,NA,NA,NA
Azure Bolt II,Armor Skill,"Further increases additional thunder damage and moderately extends the duration affinity is increased.",1,"Further increases additional thunder damage and moderately extends the duration affinity is increased.",NA,NA,NA,NA,NA,NA
Razor's Edge I,Armor Skill,"Extends the duration of Adrenaline Rush. If triggered again while the skill is active, extends the effect duration once.",1,"Extends the duration of Adrenaline Rush. If triggered again while the skill is active, extends the effect duration once.",NA,NA,NA,NA,NA,NA
Razor's Edge II,Armor Skill,"Additionally, if triggered again while the skill is active, further increases attack.",1,"Additionally, if triggered again while the skill is active, further increases attack.",NA,NA,NA,NA,NA,NA
Catburglar,Weapon Skill,Grants a small chance of obtaining various items when landing critical hits.,1,Activates skill effect.,NA,NA,NA,NA,NA,NA